{"v":"5.5.8","fr":24,"ip":0,"op":288,"w":500,"h":500,"nm":"plant 2","ddd":0,"assets":[],"layers":[{"ddd":0,"ind":1,"ty":4,"nm":"stars","sr":1,"ks":{"o":{"a":0,"k":100,"ix":11},"r":{"a":0,"k":-90,"ix":10},"p":{"a":0,"k":[82.333,41.2,0],"ix":2},"a":{"a":0,"k":[-170.667,-12.8,0],"ix":1},"s":{"a":1,"k":[{"i":{"x":[0.25,0.25,0.25],"y":[1,1,1]},"o":{"x":[0.5,0.5,0.5],"y":[0,0,0]},"t":-59,"s":[0,0,100]},{"i":{"x":[0.25,0.25,0.25],"y":[1,1,1]},"o":{"x":[0.5,0.5,0.5],"y":[0,0,0]},"t":-49,"s":[0,0,100]},{"i":{"x":[0.25,0.25,0.25],"y":[1,1,1]},"o":{"x":[0.167,0.167,0.167],"y":[0,0,0]},"t":-35,"s":[100,100,100]},{"i":{"x":[0.5,0.5,0.5],"y":[1,1,1]},"o":{"x":[0.8,0.8,0.8],"y":[0,0,0]},"t":-11,"s":[100,100,100]},{"i":{"x":[0.5,0.5,0.5],"y":[1,1,1]},"o":{"x":[0.75,0.75,0.75],"y":[0,0,0]},"t":1,"s":[0,0,100]},{"t":13,"s":[0,0,100]}],"ix":6,"x":"var $bm_rt;\n$bm_rt = loopOut();"}},"ao":0,"shapes":[{"ty":"gr","it":[{"ty":"gr","it":[{"ind":0,"ty":"sh","ix":1,"ks":{"a":0,"k":{"i":[[2.902,-17.51],[0,0],[17.51,2.901],[0,0],[-2.901,17.51],[0,0],[-17.51,-2.901],[0,0]],"o":[[0,0],[-2.901,-17.51],[0,0],[17.51,-2.901],[0,0],[2.901,17.51],[0,0],[-17.51,2.901]],"v":[[-170.667,21.333],[-170.667,21.333],[-204.8,-12.8],[-204.8,-12.8],[-170.667,-46.933],[-170.667,-46.933],[-136.534,-12.8],[-136.534,-12.8]],"c":true},"ix":2},"nm":"Path 1","mn":"ADBE Vector Shape - Group","hd":false},{"ty":"fl","c":{"a":0,"k":[0.992156863213,0.713725507259,0.184313729405,1],"ix":4},"o":{"a":0,"k":100,"ix":5},"r":1,"bm":0,"nm":"Fill 1","mn":"ADBE Vector Graphic - Fill","hd":false},{"ty":"tr","p":{"a":0,"k":[0,0],"ix":2},"a":{"a":0,"k":[0,0],"ix":1},"s":{"a":0,"k":[100,100],"ix":3},"r":{"a":0,"k":0,"ix":6},"o":{"a":0,"k":100,"ix":7},"sk":{"a":0,"k":0,"ix":4},"sa":{"a":0,"k":0,"ix":5},"nm":"Transform"}],"nm":"Group 3","np":2,"cix":2,"bm":0,"ix":1,"mn":"ADBE Vector Group","hd":false},{"ty":"tr","p":{"a":0,"k":[0,0],"ix":2},"a":{"a":0,"k":[0,0],"ix":1},"s":{"a":0,"k":[100,100],"ix":3},"r":{"a":0,"k":0,"ix":6},"o":{"a":0,"k":100,"ix":7},"sk":{"a":0,"k":0,"ix":4},"sa":{"a":0,"k":0,"ix":5},"nm":"Transform"}],"nm":"Group 2","np":1,"cix":2,"bm":0,"ix":1,"mn":"ADBE Vector Group","hd":false}],"ip":0,"op":289,"st":-59,"bm":0},{"ddd":0,"ind":2,"ty":4,"nm":"stars","sr":1,"ks":{"o":{"a":0,"k":100,"ix":11},"r":{"a":0,"k":-90,"ix":10},"p":{"a":0,"k":[431.333,41.2,0],"ix":2},"a":{"a":0,"k":[-170.667,-12.8,0],"ix":1},"s":{"a":1,"k":[{"i":{"x":[0.25,0.25,0.25],"y":[1,1,1]},"o":{"x":[0.5,0.5,0.5],"y":[0,0,0]},"t":-35,"s":[0,0,100]},{"i":{"x":[0.25,0.25,0.25],"y":[1,1,1]},"o":{"x":[0.5,0.5,0.5],"y":[0,0,0]},"t":-25,"s":[0,0,100]},{"i":{"x":[0.25,0.25,0.25],"y":[1,1,1]},"o":{"x":[0.167,0.167,0.167],"y":[0,0,0]},"t":-11,"s":[100,100,100]},{"i":{"x":[0.5,0.5,0.5],"y":[1,1,1]},"o":{"x":[0.8,0.8,0.8],"y":[0,0,0]},"t":13,"s":[100,100,100]},{"i":{"x":[0.5,0.5,0.5],"y":[1,1,1]},"o":{"x":[0.75,0.75,0.75],"y":[0,0,0]},"t":25,"s":[0,0,100]},{"t":37,"s":[0,0,100]}],"ix":6,"x":"var $bm_rt;\n$bm_rt = loopOut();"}},"ao":0,"shapes":[{"ty":"gr","it":[{"ty":"gr","it":[{"ind":0,"ty":"sh","ix":1,"ks":{"a":0,"k":{"i":[[2.902,-17.51],[0,0],[17.51,2.901],[0,0],[-2.901,17.51],[0,0],[-17.51,-2.901],[0,0]],"o":[[0,0],[-2.901,-17.51],[0,0],[17.51,-2.901],[0,0],[2.901,17.51],[0,0],[-17.51,2.901]],"v":[[-170.667,21.333],[-170.667,21.333],[-204.8,-12.8],[-204.8,-12.8],[-170.667,-46.933],[-170.667,-46.933],[-136.534,-12.8],[-136.534,-12.8]],"c":true},"ix":2},"nm":"Path 1","mn":"ADBE Vector Shape - Group","hd":false},{"ty":"fl","c":{"a":0,"k":[0.992156863213,0.713725507259,0.184313729405,1],"ix":4},"o":{"a":0,"k":100,"ix":5},"r":1,"bm":0,"nm":"Fill 1","mn":"ADBE Vector Graphic - Fill","hd":false},{"ty":"tr","p":{"a":0,"k":[0,0],"ix":2},"a":{"a":0,"k":[0,0],"ix":1},"s":{"a":0,"k":[100,100],"ix":3},"r":{"a":0,"k":0,"ix":6},"o":{"a":0,"k":100,"ix":7},"sk":{"a":0,"k":0,"ix":4},"sa":{"a":0,"k":0,"ix":5},"nm":"Transform"}],"nm":"Group 3","np":2,"cix":2,"bm":0,"ix":1,"mn":"ADBE Vector Group","hd":false},{"ty":"tr","p":{"a":0,"k":[0,0],"ix":2},"a":{"a":0,"k":[0,0],"ix":1},"s":{"a":0,"k":[100,100],"ix":3},"r":{"a":0,"k":0,"ix":6},"o":{"a":0,"k":100,"ix":7},"sk":{"a":0,"k":0,"ix":4},"sa":{"a":0,"k":0,"ix":5},"nm":"Transform"}],"nm":"Group 2","np":1,"cix":2,"bm":0,"ix":1,"mn":"ADBE Vector Group","hd":false}],"ip":0,"op":289,"st":-35,"bm":0},{"ddd":0,"ind":4,"ty":3,"nm":"Null 3","sr":1,"ks":{"o":{"a":0,"k":0,"ix":11},"r":{"a":0,"k":0,"ix":10},"p":{"a":0,"k":[413,272,0],"ix":2},"a":{"a":0,"k":[0,0,0],"ix":1},"s":{"a":0,"k":[85,85,100],"ix":6}},"ao":0,"ip":0,"op":289,"st":0,"bm":0},{"ddd":0,"ind":5,"ty":3,"nm":"Null 3","parent":11,"sr":1,"ks":{"o":{"a":0,"k":0,"ix":11},"r":{"a":0,"k":0,"ix":10},"p":{"a":0,"k":[-160.667,71.974,0],"ix":2},"a":{"a":0,"k":[0,0,0],"ix":1},"s":{"a":0,"k":[100,100,100],"ix":6}},"ao":0,"ip":0,"op":289,"st":0,"bm":0},{"ddd":0,"ind":6,"ty":4,"nm":"tree 12","parent":5,"sr":1,"ks":{"o":{"a":0,"k":100,"ix":11},"r":{"a":1,"k":[{"i":{"x":[0.667],"y":[1]},"o":{"x":[0.333],"y":[0]},"t":0,"s":[0]},{"t":48,"s":[12]}],"ix":10,"x":"var $bm_rt;\n$bm_rt = loopOut('pingpong');"},"p":{"a":0,"k":[0,-50.067,0],"ix":2},"a":{"a":0,"k":[0,-81.067,0],"ix":1},"s":{"a":1,"k":[{"i":{"x":[0.667,0.667,0.667],"y":[1,1,1]},"o":{"x":[0.333,0.333,0.333],"y":[0,0,0]},"t":310,"s":[100,100,100]},{"t":316,"s":[0,0,100]}],"ix":6}},"ao":0,"shapes":[{"ty":"gr","it":[{"ind":0,"ty":"sh","ix":1,"ks":{"a":0,"k":{"i":[[0,0],[0,0],[0,-47.129],[0,0],[0,0],[0,0],[0,47.13],[0,0]],"o":[[0,0],[47.13,0],[0,0],[0,0],[0,0],[-47.129,0],[0,0],[0,0]],"v":[[-102.4,-166.4],[-85.333,-166.4],[0,-81.067],[0,-81.067],[0,-81.067],[-17.067,-81.067],[-102.4,-166.4],[-102.4,-166.4]],"c":true},"ix":2},"nm":"Path 1","mn":"ADBE Vector Shape - Group","hd":false},{"ty":"fl","c":{"a":0,"k":[0.533333361149,0.701960802078,0.215686276555,1],"ix":4},"o":{"a":0,"k":100,"ix":5},"r":1,"bm":0,"nm":"Fill 1","mn":"ADBE Vector Graphic - Fill","hd":false},{"ty":"tr","p":{"a":0,"k":[0,0],"ix":2},"a":{"a":0,"k":[0,0],"ix":1},"s":{"a":0,"k":[100,100],"ix":3},"r":{"a":0,"k":0,"ix":6},"o":{"a":0,"k":100,"ix":7},"sk":{"a":0,"k":0,"ix":4},"sa":{"a":0,"k":0,"ix":5},"nm":"Transform"}],"nm":"Group 13","np":2,"cix":2,"bm":0,"ix":1,"mn":"ADBE Vector Group","hd":false}],"ip":0,"op":289,"st":0,"bm":0},{"ddd":0,"ind":7,"ty":4,"nm":"tree 11","parent":5,"sr":1,"ks":{"o":{"a":0,"k":100,"ix":11},"r":{"a":1,"k":[{"i":{"x":[0.833],"y":[0.833]},"o":{"x":[0.167],"y":[0.167]},"t":295,"s":[0]},{"t":301,"s":[57]}],"ix":10,"x":"var $bm_rt;\nvar amp, freq, decay, n, n, t, t, v;\ntry {\n    amp = $bm_div(effect('Elastic Controller Rotation')(1), 200);\n    freq = $bm_div(effect('Elastic Controller Rotation')(2), 30);\n    decay = $bm_div(effect('Elastic Controller Rotation')(3), 10);\n    $bm_rt = n = 0;\n    if (numKeys > 0) {\n        $bm_rt = n = nearestKey(time).index;\n        if (key(n).time > time) {\n            n--;\n        }\n    }\n    if (n == 0) {\n        $bm_rt = t = 0;\n    } else {\n        $bm_rt = t = $bm_sub(time, key(n).time);\n    }\n    if (n > 0) {\n        v = velocityAtTime($bm_sub(key(n).time, $bm_div(thisComp.frameDuration, 10)));\n        $bm_rt = $bm_sum(value, $bm_div($bm_mul($bm_mul(v, amp), Math.sin($bm_mul($bm_mul($bm_mul(freq, t), 2), Math.PI))), Math.exp($bm_mul(decay, t))));\n    } else {\n        $bm_rt = value;\n    }\n} catch (e$$4) {\n    $bm_rt = value = value;\n}"},"p":{"a":0,"k":[0,-161,0],"ix":2},"a":{"a":0,"k":[0,-192,0],"ix":1},"s":{"a":1,"k":[{"i":{"x":[0.667,0.667,0.667],"y":[1,1,1]},"o":{"x":[0.333,0.333,0.333],"y":[0,0,0]},"t":295,"s":[100,100,100]},{"t":301,"s":[0,0,100]}],"ix":6}},"ao":0,"ef":[{"ty":5,"nm":"Elastic Controller Rotation","np":5,"mn":"Pseudo/MDS Elastic Controller","ix":1,"en":1,"ef":[{"ty":0,"nm":"Amplitude","mn":"Pseudo/MDS Elastic Controller-0001","ix":1,"v":{"a":0,"k":20,"ix":1}},{"ty":0,"nm":"Frequency","mn":"Pseudo/MDS Elastic Controller-0002","ix":2,"v":{"a":0,"k":40,"ix":2}},{"ty":0,"nm":"Decay","mn":"Pseudo/MDS Elastic Controller-0003","ix":3,"v":{"a":0,"k":60,"ix":3}}]}],"shapes":[{"ty":"gr","it":[{"ind":0,"ty":"sh","ix":1,"ks":{"a":0,"k":{"i":[[0,-32.99],[0,0],[0,32.99],[0,0]],"o":[[0,0],[-32.99,0],[0,0],[32.99,0]],"v":[[0,-192],[-17.067,-192],[-76.8,-251.733],[-59.733,-251.733]],"c":true},"ix":2},"nm":"Path 1","mn":"ADBE Vector Shape - Group","hd":false},{"ty":"fl","c":{"a":0,"k":[0.533333361149,0.701960802078,0.215686276555,1],"ix":4},"o":{"a":0,"k":100,"ix":5},"r":1,"bm":0,"nm":"Fill 1","mn":"ADBE Vector Graphic - Fill","hd":false},{"ty":"tr","p":{"a":0,"k":[0,0],"ix":2},"a":{"a":0,"k":[0,0],"ix":1},"s":{"a":0,"k":[100,100],"ix":3},"r":{"a":0,"k":0,"ix":6},"o":{"a":0,"k":100,"ix":7},"sk":{"a":0,"k":0,"ix":4},"sa":{"a":0,"k":0,"ix":5},"nm":"Transform"}],"nm":"Group 21","np":2,"cix":2,"bm":0,"ix":1,"mn":"ADBE Vector Group","hd":false}],"ip":0,"op":289,"st":0,"bm":0},{"ddd":0,"ind":8,"ty":4,"nm":"tree 10","parent":5,"sr":1,"ks":{"o":{"a":0,"k":100,"ix":11},"r":{"a":0,"k":0,"ix":10},"p":{"a":0,"k":[0,0,0],"ix":2},"a":{"a":0,"k":[0,-31,0],"ix":1},"s":{"a":1,"k":[{"i":{"x":[0.833,0.833,0.833],"y":[0.833,0.833,0.833]},"o":{"x":[0.167,0.167,0.167],"y":[0.167,0.167,0.167]},"t":305,"s":[100,100,100]},{"t":315,"s":[100,0,100]}],"ix":6}},"ao":0,"shapes":[{"ty":"gr","it":[{"ind":0,"ty":"sh","ix":1,"ks":{"a":0,"k":{"i":[[0,0],[0,0],[0,0],[0,0]],"o":[[0,0],[0,0],[0,0],[0,0]],"v":[[-8.533,-192],[8.534,-192],[8.534,-29.867],[-8.533,-29.867]],"c":true},"ix":2},"nm":"Path 1","mn":"ADBE Vector Shape - Group","hd":false},{"ty":"fl","c":{"a":0,"k":[0.419607847929,0.588235318661,0.164705887437,1],"ix":4},"o":{"a":0,"k":100,"ix":5},"r":1,"bm":0,"nm":"Fill 1","mn":"ADBE Vector Graphic - Fill","hd":false},{"ty":"tr","p":{"a":0,"k":[0,0],"ix":2},"a":{"a":0,"k":[0,0],"ix":1},"s":{"a":0,"k":[100,100],"ix":3},"r":{"a":0,"k":0,"ix":6},"o":{"a":0,"k":100,"ix":7},"sk":{"a":0,"k":0,"ix":4},"sa":{"a":0,"k":0,"ix":5},"nm":"Transform"}],"nm":"Group 22","np":2,"cix":2,"bm":0,"ix":1,"mn":"ADBE Vector Group","hd":false}],"ip":0,"op":289,"st":0,"bm":0},{"ddd":0,"ind":9,"ty":4,"nm":"tree 2 4","parent":5,"sr":1,"ks":{"o":{"a":0,"k":100,"ix":11},"r":{"a":1,"k":[{"i":{"x":[0.667],"y":[1]},"o":{"x":[0.333],"y":[0]},"t":1,"s":[12]},{"t":72,"s":[0]}],"ix":10,"x":"var $bm_rt;\n$bm_rt = loopOut('pingpong');"},"p":{"a":0,"k":[0,-161,0],"ix":2},"a":{"a":0,"k":[0,-192,0],"ix":1},"s":{"a":1,"k":[{"i":{"x":[0.667,0.667,0.667],"y":[1,1,1]},"o":{"x":[0.333,0.333,0.333],"y":[0,0,0]},"t":294,"s":[100,100,100]},{"t":300,"s":[0,0,100]}],"ix":6}},"ao":0,"ef":[{"ty":5,"nm":"Elastic Controller Rotation","np":5,"mn":"Pseudo/MDS Elastic Controller","ix":1,"en":1,"ef":[{"ty":0,"nm":"Amplitude","mn":"Pseudo/MDS Elastic Controller-0001","ix":1,"v":{"a":0,"k":20,"ix":1}},{"ty":0,"nm":"Frequency","mn":"Pseudo/MDS Elastic Controller-0002","ix":2,"v":{"a":0,"k":40,"ix":2}},{"ty":0,"nm":"Decay","mn":"Pseudo/MDS Elastic Controller-0003","ix":3,"v":{"a":0,"k":60,"ix":3}}]}],"shapes":[{"ty":"gr","it":[{"ty":"gr","it":[{"ind":0,"ty":"sh","ix":1,"ks":{"a":0,"k":{"i":[[0,32.99],[0,0],[0,-32.99],[0,0]],"o":[[0,0],[-32.99,0],[0,0],[32.99,0]],"v":[[76.8,-251.733],[59.733,-251.733],[0,-192],[17.067,-192]],"c":true},"ix":2},"nm":"Path 1","mn":"ADBE Vector Shape - Group","hd":false},{"ty":"fl","c":{"a":0,"k":[0.419607847929,0.588235318661,0.164705887437,1],"ix":4},"o":{"a":0,"k":100,"ix":5},"r":1,"bm":0,"nm":"Fill 1","mn":"ADBE Vector Graphic - Fill","hd":false},{"ty":"tr","p":{"a":0,"k":[0,0],"ix":2},"a":{"a":0,"k":[0,0],"ix":1},"s":{"a":0,"k":[100,100],"ix":3},"r":{"a":0,"k":0,"ix":6},"o":{"a":0,"k":100,"ix":7},"sk":{"a":0,"k":0,"ix":4},"sa":{"a":0,"k":0,"ix":5},"nm":"Transform"}],"nm":"Group 2","np":2,"cix":2,"bm":0,"ix":1,"mn":"ADBE Vector Group","hd":false},{"ty":"tr","p":{"a":0,"k":[0,0],"ix":2},"a":{"a":0,"k":[0,0],"ix":1},"s":{"a":0,"k":[100,100],"ix":3},"r":{"a":0,"k":0,"ix":6},"o":{"a":0,"k":100,"ix":7},"sk":{"a":0,"k":0,"ix":4},"sa":{"a":0,"k":0,"ix":5},"nm":"Transform"}],"nm":"Group 12","np":1,"cix":2,"bm":0,"ix":1,"mn":"ADBE Vector Group","hd":false}],"ip":0,"op":289,"st":0,"bm":0},{"ddd":0,"ind":10,"ty":4,"nm":"tree 9","parent":5,"sr":1,"ks":{"o":{"a":0,"k":100,"ix":11},"r":{"a":1,"k":[{"i":{"x":[0.833],"y":[0.833]},"o":{"x":[0.167],"y":[0.167]},"t":305,"s":[0]},{"t":311,"s":[-49]}],"ix":10,"x":"var $bm_rt;\nvar amp, freq, decay, n, n, t, t, v;\ntry {\n    amp = $bm_div(effect('Elastic Controller Rotation')(1), 200);\n    freq = $bm_div(effect('Elastic Controller Rotation')(2), 30);\n    decay = $bm_div(effect('Elastic Controller Rotation')(3), 10);\n    $bm_rt = n = 0;\n    if (numKeys > 0) {\n        $bm_rt = n = nearestKey(time).index;\n        if (key(n).time > time) {\n            n--;\n        }\n    }\n    if (n == 0) {\n        $bm_rt = t = 0;\n    } else {\n        $bm_rt = t = $bm_sub(time, key(n).time);\n    }\n    if (n > 0) {\n        v = velocityAtTime($bm_sub(key(n).time, $bm_div(thisComp.frameDuration, 10)));\n        $bm_rt = $bm_sum(value, $bm_div($bm_mul($bm_mul(v, amp), Math.sin($bm_mul($bm_mul($bm_mul(freq, t), 2), Math.PI))), Math.exp($bm_mul(decay, t))));\n    } else {\n        $bm_rt = value;\n    }\n} catch (e$$4) {\n    $bm_rt = value = value;\n}"},"p":{"a":0,"k":[0,-50.067,0],"ix":2},"a":{"a":0,"k":[0,-81.067,0],"ix":1},"s":{"a":1,"k":[{"i":{"x":[0.667,0.667,0.667],"y":[1,1,1]},"o":{"x":[0.333,0.333,0.333],"y":[0,0,0]},"t":305,"s":[100,100,100]},{"t":311,"s":[0,0,100]}],"ix":6}},"ao":0,"ef":[{"ty":5,"nm":"Elastic Controller Rotation","np":5,"mn":"Pseudo/MDS Elastic Controller","ix":1,"en":1,"ef":[{"ty":0,"nm":"Amplitude","mn":"Pseudo/MDS Elastic Controller-0001","ix":1,"v":{"a":0,"k":20,"ix":1}},{"ty":0,"nm":"Frequency","mn":"Pseudo/MDS Elastic Controller-0002","ix":2,"v":{"a":0,"k":40,"ix":2}},{"ty":0,"nm":"Decay","mn":"Pseudo/MDS Elastic Controller-0003","ix":3,"v":{"a":0,"k":60,"ix":3}}]}],"shapes":[{"ty":"gr","it":[{"ty":"gr","it":[{"ind":0,"ty":"sh","ix":1,"ks":{"a":0,"k":{"i":[[47.129,0],[0,0],[0,0],[0,0],[-47.129,0],[0,0],[0,0],[0,0]],"o":[[0,0],[0,0],[0,0],[0,-47.13],[0,0],[0,0],[0,0],[0,47.13]],"v":[[17.067,-81.067],[0,-81.067],[0,-81.067],[0,-81.067],[85.333,-166.4],[102.4,-166.4],[102.4,-166.4],[102.4,-166.4]],"c":true},"ix":2},"nm":"Path 1","mn":"ADBE Vector Shape - Group","hd":false},{"ty":"fl","c":{"a":0,"k":[0.419607847929,0.588235318661,0.164705887437,1],"ix":4},"o":{"a":0,"k":100,"ix":5},"r":1,"bm":0,"nm":"Fill 1","mn":"ADBE Vector Graphic - Fill","hd":false},{"ty":"tr","p":{"a":0,"k":[0,0],"ix":2},"a":{"a":0,"k":[0,0],"ix":1},"s":{"a":0,"k":[100,100],"ix":3},"r":{"a":0,"k":0,"ix":6},"o":{"a":0,"k":100,"ix":7},"sk":{"a":0,"k":0,"ix":4},"sa":{"a":0,"k":0,"ix":5},"nm":"Transform"}],"nm":"Group 1","np":2,"cix":2,"bm":0,"ix":1,"mn":"ADBE Vector Group","hd":false},{"ty":"tr","p":{"a":0,"k":[0,0],"ix":2},"a":{"a":0,"k":[0,0],"ix":1},"s":{"a":0,"k":[100,100],"ix":3},"r":{"a":0,"k":0,"ix":6},"o":{"a":0,"k":100,"ix":7},"sk":{"a":0,"k":0,"ix":4},"sa":{"a":0,"k":0,"ix":5},"nm":"Transform"}],"nm":"Group 12","np":1,"cix":2,"bm":0,"ix":1,"mn":"ADBE Vector Group","hd":false}],"ip":0,"op":289,"st":0,"bm":0},{"ddd":0,"ind":11,"ty":4,"nm":"Group 35","parent":4,"sr":1,"ks":{"o":{"a":0,"k":100,"ix":11},"r":{"a":0,"k":0,"ix":10,"x":"var $bm_rt;\n$bm_rt = $bm_mul(value, -1);"},"p":{"s":true,"x":{"a":0,"k":-10,"ix":3},"y":{"a":0,"k":17.625,"ix":4}},"a":{"a":0,"k":[-170.667,89.599,0],"ix":1},"s":{"a":0,"k":[100,100,100],"ix":6}},"ao":0,"ef":[{"ty":5,"nm":"4-Color Gradient","np":16,"mn":"ADBE 4ColorGradient","ix":1,"en":1,"ef":[{"ty":6,"nm":"Positions & Colors","mn":"ADBE 4ColorGradient-0011","ix":1,"v":0},{"ty":3,"nm":"Point 1","mn":"ADBE 4ColorGradient-0001","ix":2,"v":{"a":0,"k":[343,284],"ix":2}},{"ty":2,"nm":"Color 1","mn":"ADBE 4ColorGradient-0002","ix":3,"v":{"a":0,"k":[0.980377197266,0.784301757813,0.235290527344,1],"ix":3}},{"ty":3,"nm":"Point 2","mn":"ADBE 4ColorGradient-0003","ix":4,"v":{"a":0,"k":[383,286],"ix":4}},{"ty":2,"nm":"Color 2","mn":"ADBE 4ColorGradient-0004","ix":5,"v":{"a":0,"k":[0.896087646484,0.617645263672,0.145111083984,1],"ix":5}},{"ty":3,"nm":"Point 3","mn":"ADBE 4ColorGradient-0005","ix":6,"v":{"a":0,"k":[427,286],"ix":6}},{"ty":2,"nm":"Color 3","mn":"ADBE 4ColorGradient-0006","ix":7,"v":{"a":0,"k":[0.998046875,0.841186523438,0.281372070313,1],"ix":7}},{"ty":3,"nm":"Point 4","mn":"ADBE 4ColorGradient-0007","ix":8,"v":{"a":0,"k":[465,281],"ix":8}},{"ty":2,"nm":"Color 4","mn":"ADBE 4ColorGradient-0008","ix":9,"v":{"a":0,"k":[0.934326171875,0.674499511719,0.154907226563,1],"ix":9}},{"ty":6,"nm":"Color 4","mn":"ADBE 4ColorGradient-0012","ix":10,"v":0},{"ty":0,"nm":"Blend","mn":"ADBE 4ColorGradient-0009","ix":11,"v":{"a":0,"k":5,"ix":11}},{"ty":0,"nm":"Jitter","mn":"ADBE 4ColorGradient-0010","ix":12,"v":{"a":0,"k":0,"ix":12}},{"ty":0,"nm":"Opacity","mn":"ADBE 4ColorGradient-0013","ix":13,"v":{"a":0,"k":100,"ix":13}},{"ty":7,"nm":"Blending Mode","mn":"ADBE 4ColorGradient-0014","ix":14,"v":{"a":0,"k":7,"ix":14}}]}],"shapes":[{"ty":"gr","it":[{"ind":0,"ty":"sh","ix":1,"ks":{"a":0,"k":{"i":[[0,0],[0,0],[0,0],[0,0]],"o":[[0,0],[0,0],[0,0],[0,0]],"v":[[-230.4,72.533],[-110.933,72.533],[-110.933,106.666],[-230.4,106.666]],"c":true},"ix":2},"nm":"Path 1","mn":"ADBE Vector Shape - Group","hd":false},{"ty":"fl","c":{"a":0,"k":[0.992095947266,0.713684082031,0.184295654297,1],"ix":4},"o":{"a":0,"k":100,"ix":5},"r":1,"bm":0,"nm":"Fill 1","mn":"ADBE Vector Graphic - Fill","hd":false},{"ty":"tr","p":{"a":0,"k":[0,0],"ix":2},"a":{"a":0,"k":[0,0],"ix":1},"s":{"a":0,"k":[100,100],"ix":3},"r":{"a":0,"k":0,"ix":6},"o":{"a":0,"k":100,"ix":7},"sk":{"a":0,"k":0,"ix":4},"sa":{"a":0,"k":0,"ix":5},"nm":"Transform"}],"nm":"Group 11","np":2,"cix":2,"bm":0,"ix":1,"mn":"ADBE Vector Group","hd":false},{"ty":"rd","nm":"Round Corners 1","r":{"a":0,"k":5,"ix":1},"ix":2,"mn":"ADBE Vector Filter - RC","hd":false}],"ip":0,"op":289,"st":0,"bm":0},{"ddd":0,"ind":12,"ty":4,"nm":"Group 34","parent":4,"sr":1,"ks":{"o":{"a":0,"k":100,"ix":11},"r":{"a":0,"k":0,"ix":10},"p":{"s":true,"x":{"a":0,"k":11.5,"ix":3},"y":{"a":0,"k":50.875,"ix":4}},"a":{"a":0,"k":[-170.667,89.599,0],"ix":1},"s":{"a":0,"k":[100,100,100],"ix":6}},"ao":0,"ef":[{"ty":5,"nm":"4-Color Gradient","np":16,"mn":"ADBE 4ColorGradient","ix":1,"en":1,"ef":[{"ty":6,"nm":"Positions & Colors","mn":"ADBE 4ColorGradient-0011","ix":1,"v":0},{"ty":3,"nm":"Point 1","mn":"ADBE 4ColorGradient-0001","ix":2,"v":{"a":0,"k":[366,315],"ix":2}},{"ty":2,"nm":"Color 1","mn":"ADBE 4ColorGradient-0002","ix":3,"v":{"a":0,"k":[0.980377197266,0.784301757813,0.235290527344,1],"ix":3}},{"ty":3,"nm":"Point 2","mn":"ADBE 4ColorGradient-0003","ix":4,"v":{"a":0,"k":[400,314],"ix":4}},{"ty":2,"nm":"Color 2","mn":"ADBE 4ColorGradient-0004","ix":5,"v":{"a":0,"k":[0.896087646484,0.617645263672,0.145111083984,1],"ix":5}},{"ty":3,"nm":"Point 3","mn":"ADBE 4ColorGradient-0005","ix":6,"v":{"a":0,"k":[455,317],"ix":6}},{"ty":2,"nm":"Color 3","mn":"ADBE 4ColorGradient-0006","ix":7,"v":{"a":0,"k":[0.998046875,0.841186523438,0.281372070313,1],"ix":7}},{"ty":3,"nm":"Point 4","mn":"ADBE 4ColorGradient-0007","ix":8,"v":{"a":0,"k":[481,312],"ix":8}},{"ty":2,"nm":"Color 4","mn":"ADBE 4ColorGradient-0008","ix":9,"v":{"a":0,"k":[0.934326171875,0.674499511719,0.154907226563,1],"ix":9}},{"ty":6,"nm":"Color 4","mn":"ADBE 4ColorGradient-0012","ix":10,"v":0},{"ty":0,"nm":"Blend","mn":"ADBE 4ColorGradient-0009","ix":11,"v":{"a":0,"k":5,"ix":11}},{"ty":0,"nm":"Jitter","mn":"ADBE 4ColorGradient-0010","ix":12,"v":{"a":0,"k":0,"ix":12}},{"ty":0,"nm":"Opacity","mn":"ADBE 4ColorGradient-0013","ix":13,"v":{"a":0,"k":100,"ix":13}},{"ty":7,"nm":"Blending Mode","mn":"ADBE 4ColorGradient-0014","ix":14,"v":{"a":0,"k":7,"ix":14}}]}],"shapes":[{"ty":"gr","it":[{"ind":0,"ty":"sh","ix":1,"ks":{"a":0,"k":{"i":[[0,0],[0,0],[0,0],[0,0]],"o":[[0,0],[0,0],[0,0],[0,0]],"v":[[-230.4,72.533],[-110.933,72.533],[-110.933,106.666],[-230.4,106.666]],"c":true},"ix":2},"nm":"Path 1","mn":"ADBE Vector Shape - Group","hd":false},{"ty":"fl","c":{"a":0,"k":[1,0.658752441406,0.239196777344,1],"ix":4},"o":{"a":0,"k":100,"ix":5},"r":1,"bm":0,"nm":"Fill 1","mn":"ADBE Vector Graphic - Fill","hd":false},{"ty":"tr","p":{"a":0,"k":[0,0],"ix":2},"a":{"a":0,"k":[0,0],"ix":1},"s":{"a":0,"k":[100,100],"ix":3},"r":{"a":0,"k":0,"ix":6},"o":{"a":0,"k":100,"ix":7},"sk":{"a":0,"k":0,"ix":4},"sa":{"a":0,"k":0,"ix":5},"nm":"Transform"}],"nm":"Group 11","np":2,"cix":2,"bm":0,"ix":1,"mn":"ADBE Vector Group","hd":false},{"ty":"rd","nm":"Round Corners 1","r":{"a":0,"k":5,"ix":1},"ix":2,"mn":"ADBE Vector Filter - RC","hd":false}],"ip":0,"op":289,"st":0,"bm":0},{"ddd":0,"ind":13,"ty":4,"nm":"Group 33","parent":4,"sr":1,"ks":{"o":{"a":0,"k":100,"ix":11},"r":{"a":0,"k":0,"ix":10,"x":"var $bm_rt;\n$bm_rt = $bm_mul(value, -1);"},"p":{"s":true,"x":{"a":0,"k":-10,"ix":3},"y":{"a":0,"k":84.625,"ix":4}},"a":{"a":0,"k":[-170.667,89.599,0],"ix":1},"s":{"a":0,"k":[100,100,100],"ix":6}},"ao":0,"ef":[{"ty":5,"nm":"4-Color Gradient","np":16,"mn":"ADBE 4ColorGradient","ix":1,"en":1,"ef":[{"ty":6,"nm":"Positions & Colors","mn":"ADBE 4ColorGradient-0011","ix":1,"v":0},{"ty":3,"nm":"Point 1","mn":"ADBE 4ColorGradient-0001","ix":2,"v":{"a":0,"k":[344,348],"ix":2}},{"ty":2,"nm":"Color 1","mn":"ADBE 4ColorGradient-0002","ix":3,"v":{"a":0,"k":[0.980377197266,0.784301757813,0.235290527344,1],"ix":3}},{"ty":3,"nm":"Point 2","mn":"ADBE 4ColorGradient-0003","ix":4,"v":{"a":0,"k":[380,342],"ix":4}},{"ty":2,"nm":"Color 2","mn":"ADBE 4ColorGradient-0004","ix":5,"v":{"a":0,"k":[0.896087646484,0.617645263672,0.145111083984,1],"ix":5}},{"ty":3,"nm":"Point 3","mn":"ADBE 4ColorGradient-0005","ix":6,"v":{"a":0,"k":[435,345],"ix":6}},{"ty":2,"nm":"Color 3","mn":"ADBE 4ColorGradient-0006","ix":7,"v":{"a":0,"k":[0.998046875,0.841186523438,0.281372070313,1],"ix":7}},{"ty":3,"nm":"Point 4","mn":"ADBE 4ColorGradient-0007","ix":8,"v":{"a":0,"k":[458,343],"ix":8}},{"ty":2,"nm":"Color 4","mn":"ADBE 4ColorGradient-0008","ix":9,"v":{"a":0,"k":[0.934326171875,0.674499511719,0.154907226563,1],"ix":9}},{"ty":6,"nm":"Color 4","mn":"ADBE 4ColorGradient-0012","ix":10,"v":0},{"ty":0,"nm":"Blend","mn":"ADBE 4ColorGradient-0009","ix":11,"v":{"a":0,"k":5,"ix":11}},{"ty":0,"nm":"Jitter","mn":"ADBE 4ColorGradient-0010","ix":12,"v":{"a":0,"k":0,"ix":12}},{"ty":0,"nm":"Opacity","mn":"ADBE 4ColorGradient-0013","ix":13,"v":{"a":0,"k":100,"ix":13}},{"ty":7,"nm":"Blending Mode","mn":"ADBE 4ColorGradient-0014","ix":14,"v":{"a":0,"k":7,"ix":14}}]}],"shapes":[{"ty":"gr","it":[{"ind":0,"ty":"sh","ix":1,"ks":{"a":0,"k":{"i":[[0,0],[0,0],[0,0],[0,0]],"o":[[0,0],[0,0],[0,0],[0,0]],"v":[[-230.4,72.533],[-110.933,72.533],[-110.933,106.666],[-230.4,106.666]],"c":true},"ix":2},"nm":"Path 1","mn":"ADBE Vector Shape - Group","hd":false},{"ty":"fl","c":{"a":0,"k":[0.992126464844,0.713714599609,0.184295654297,1],"ix":4},"o":{"a":0,"k":100,"ix":5},"r":1,"bm":0,"nm":"Fill 1","mn":"ADBE Vector Graphic - Fill","hd":false},{"ty":"tr","p":{"a":0,"k":[0,0],"ix":2},"a":{"a":0,"k":[0,0],"ix":1},"s":{"a":0,"k":[100,100],"ix":3},"r":{"a":0,"k":0,"ix":6},"o":{"a":0,"k":100,"ix":7},"sk":{"a":0,"k":0,"ix":4},"sa":{"a":0,"k":0,"ix":5},"nm":"Transform"}],"nm":"Group 11","np":2,"cix":2,"bm":0,"ix":1,"mn":"ADBE Vector Group","hd":false},{"ty":"rd","nm":"Round Corners 1","r":{"a":0,"k":5,"ix":1},"ix":2,"mn":"ADBE Vector Filter - RC","hd":false}],"ip":0,"op":289,"st":0,"bm":0},{"ddd":0,"ind":14,"ty":4,"nm":"Group 32","parent":4,"sr":1,"ks":{"o":{"a":0,"k":100,"ix":11},"r":{"a":0,"k":0,"ix":10},"p":{"s":true,"x":{"a":0,"k":20,"ix":3},"y":{"a":0,"k":118.875,"ix":4}},"a":{"a":0,"k":[-170.667,89.599,0],"ix":1},"s":{"a":0,"k":[100,100,100],"ix":6}},"ao":0,"ef":[{"ty":5,"nm":"4-Color Gradient","np":16,"mn":"ADBE 4ColorGradient","ix":1,"en":1,"ef":[{"ty":6,"nm":"Positions & Colors","mn":"ADBE 4ColorGradient-0011","ix":1,"v":0},{"ty":3,"nm":"Point 1","mn":"ADBE 4ColorGradient-0001","ix":2,"v":{"a":0,"k":[368,375],"ix":2}},{"ty":2,"nm":"Color 1","mn":"ADBE 4ColorGradient-0002","ix":3,"v":{"a":0,"k":[0.980377197266,0.784301757813,0.235290527344,1],"ix":3}},{"ty":3,"nm":"Point 2","mn":"ADBE 4ColorGradient-0003","ix":4,"v":{"a":0,"k":[418,372],"ix":4}},{"ty":2,"nm":"Color 2","mn":"ADBE 4ColorGradient-0004","ix":5,"v":{"a":0,"k":[0.896087646484,0.617645263672,0.145111083984,1],"ix":5}},{"ty":3,"nm":"Point 3","mn":"ADBE 4ColorGradient-0005","ix":6,"v":{"a":0,"k":[454,370],"ix":6}},{"ty":2,"nm":"Color 3","mn":"ADBE 4ColorGradient-0006","ix":7,"v":{"a":0,"k":[0.998046875,0.841186523438,0.281372070313,1],"ix":7}},{"ty":3,"nm":"Point 4","mn":"ADBE 4ColorGradient-0007","ix":8,"v":{"a":0,"k":[490,379],"ix":8}},{"ty":2,"nm":"Color 4","mn":"ADBE 4ColorGradient-0008","ix":9,"v":{"a":0,"k":[0.934326171875,0.674499511719,0.154907226563,1],"ix":9}},{"ty":6,"nm":"Color 4","mn":"ADBE 4ColorGradient-0012","ix":10,"v":0},{"ty":0,"nm":"Blend","mn":"ADBE 4ColorGradient-0009","ix":11,"v":{"a":0,"k":5,"ix":11}},{"ty":0,"nm":"Jitter","mn":"ADBE 4ColorGradient-0010","ix":12,"v":{"a":0,"k":0,"ix":12}},{"ty":0,"nm":"Opacity","mn":"ADBE 4ColorGradient-0013","ix":13,"v":{"a":0,"k":100,"ix":13}},{"ty":7,"nm":"Blending Mode","mn":"ADBE 4ColorGradient-0014","ix":14,"v":{"a":0,"k":7,"ix":14}}]}],"shapes":[{"ty":"gr","it":[{"ind":0,"ty":"sh","ix":1,"ks":{"a":0,"k":{"i":[[0,0],[0,0],[0,0],[0,0]],"o":[[0,0],[0,0],[0,0],[0,0]],"v":[[-230.4,72.533],[-110.933,72.533],[-110.933,106.666],[-230.4,106.666]],"c":true},"ix":2},"nm":"Path 1","mn":"ADBE Vector Shape - Group","hd":false},{"ty":"fl","c":{"a":0,"k":[1,0.658782958984,0.239196777344,1],"ix":4},"o":{"a":0,"k":100,"ix":5},"r":1,"bm":0,"nm":"Fill 1","mn":"ADBE Vector Graphic - Fill","hd":false},{"ty":"tr","p":{"a":0,"k":[0,0],"ix":2},"a":{"a":0,"k":[0,0],"ix":1},"s":{"a":0,"k":[100,100],"ix":3},"r":{"a":0,"k":0,"ix":6},"o":{"a":0,"k":100,"ix":7},"sk":{"a":0,"k":0,"ix":4},"sa":{"a":0,"k":0,"ix":5},"nm":"Transform"}],"nm":"Group 11","np":2,"cix":2,"bm":0,"ix":1,"mn":"ADBE Vector Group","hd":false},{"ty":"rd","nm":"Round Corners 1","r":{"a":0,"k":5,"ix":1},"ix":2,"mn":"ADBE Vector Filter - RC","hd":false}],"ip":0,"op":289,"st":0,"bm":0},{"ddd":0,"ind":15,"ty":4,"nm":"Group 31","parent":4,"sr":1,"ks":{"o":{"a":0,"k":100,"ix":11},"r":{"a":0,"k":0,"ix":10,"x":"var $bm_rt;\n$bm_rt = $bm_mul(value, -1);"},"p":{"s":true,"x":{"a":0,"k":7,"ix":3},"y":{"a":0,"k":151.625,"ix":4}},"a":{"a":0,"k":[-170.667,89.599,0],"ix":1},"s":{"a":0,"k":[100,100,100],"ix":6}},"ao":0,"ef":[{"ty":5,"nm":"4-Color Gradient","np":16,"mn":"ADBE 4ColorGradient","ix":1,"en":1,"ef":[{"ty":6,"nm":"Positions & Colors","mn":"ADBE 4ColorGradient-0011","ix":1,"v":0},{"ty":3,"nm":"Point 1","mn":"ADBE 4ColorGradient-0001","ix":2,"v":{"a":0,"k":[357.5,399.5],"ix":2}},{"ty":2,"nm":"Color 1","mn":"ADBE 4ColorGradient-0002","ix":3,"v":{"a":0,"k":[0.980377197266,0.784301757813,0.235290527344,1],"ix":3}},{"ty":3,"nm":"Point 2","mn":"ADBE 4ColorGradient-0003","ix":4,"v":{"a":0,"k":[399.5,403],"ix":4}},{"ty":2,"nm":"Color 2","mn":"ADBE 4ColorGradient-0004","ix":5,"v":{"a":0,"k":[0.896087646484,0.617645263672,0.145111083984,1],"ix":5}},{"ty":3,"nm":"Point 3","mn":"ADBE 4ColorGradient-0005","ix":6,"v":{"a":0,"k":[446.5,399.5],"ix":6}},{"ty":2,"nm":"Color 3","mn":"ADBE 4ColorGradient-0006","ix":7,"v":{"a":0,"k":[0.998046875,0.841186523438,0.281372070313,1],"ix":7}},{"ty":3,"nm":"Point 4","mn":"ADBE 4ColorGradient-0007","ix":8,"v":{"a":0,"k":[481,401],"ix":8}},{"ty":2,"nm":"Color 4","mn":"ADBE 4ColorGradient-0008","ix":9,"v":{"a":0,"k":[0.934326171875,0.674499511719,0.154907226563,1],"ix":9}},{"ty":6,"nm":"Color 4","mn":"ADBE 4ColorGradient-0012","ix":10,"v":0},{"ty":0,"nm":"Blend","mn":"ADBE 4ColorGradient-0009","ix":11,"v":{"a":0,"k":5,"ix":11}},{"ty":0,"nm":"Jitter","mn":"ADBE 4ColorGradient-0010","ix":12,"v":{"a":0,"k":0,"ix":12}},{"ty":0,"nm":"Opacity","mn":"ADBE 4ColorGradient-0013","ix":13,"v":{"a":0,"k":100,"ix":13}},{"ty":7,"nm":"Blending Mode","mn":"ADBE 4ColorGradient-0014","ix":14,"v":{"a":0,"k":7,"ix":14}}]}],"shapes":[{"ty":"gr","it":[{"ind":0,"ty":"sh","ix":1,"ks":{"a":0,"k":{"i":[[0,0],[0,0],[0,0],[0,0]],"o":[[0,0],[0,0],[0,0],[0,0]],"v":[[-230.4,72.533],[-110.933,72.533],[-110.933,106.666],[-230.4,106.666]],"c":true},"ix":2},"nm":"Path 1","mn":"ADBE Vector Shape - Group","hd":false},{"ty":"fl","c":{"a":0,"k":[0.992126464844,0.713714599609,0.184295654297,1],"ix":4},"o":{"a":0,"k":100,"ix":5},"r":1,"bm":0,"nm":"Fill 1","mn":"ADBE Vector Graphic - Fill","hd":false},{"ty":"tr","p":{"a":0,"k":[0,0],"ix":2},"a":{"a":0,"k":[0,0],"ix":1},"s":{"a":0,"k":[100,100],"ix":3},"r":{"a":0,"k":0,"ix":6},"o":{"a":0,"k":100,"ix":7},"sk":{"a":0,"k":0,"ix":4},"sa":{"a":0,"k":0,"ix":5},"nm":"Transform"}],"nm":"Group 11","np":2,"cix":2,"bm":0,"ix":1,"mn":"ADBE Vector Group","hd":false},{"ty":"rd","nm":"Round Corners 1","r":{"a":0,"k":5,"ix":1},"ix":2,"mn":"ADBE Vector Filter - RC","hd":false}],"ip":0,"op":289,"st":0,"bm":0},{"ddd":0,"ind":16,"ty":4,"nm":"Group 30","parent":4,"sr":1,"ks":{"o":{"a":0,"k":100,"ix":11},"r":{"a":0,"k":0,"ix":10},"p":{"s":true,"x":{"a":0,"k":11.5,"ix":3},"y":{"a":0,"k":184.875,"ix":4}},"a":{"a":0,"k":[-170.667,89.599,0],"ix":1},"s":{"a":0,"k":[100,100,100],"ix":6}},"ao":0,"ef":[{"ty":5,"nm":"4-Color Gradient","np":16,"mn":"ADBE 4ColorGradient","ix":1,"en":1,"ef":[{"ty":6,"nm":"Positions & Colors","mn":"ADBE 4ColorGradient-0011","ix":1,"v":0},{"ty":3,"nm":"Point 1","mn":"ADBE 4ColorGradient-0001","ix":2,"v":{"a":0,"k":[369,429],"ix":2}},{"ty":2,"nm":"Color 1","mn":"ADBE 4ColorGradient-0002","ix":3,"v":{"a":0,"k":[0.980377197266,0.784301757813,0.235290527344,1],"ix":3}},{"ty":3,"nm":"Point 2","mn":"ADBE 4ColorGradient-0003","ix":4,"v":{"a":0,"k":[408,429],"ix":4}},{"ty":2,"nm":"Color 2","mn":"ADBE 4ColorGradient-0004","ix":5,"v":{"a":0,"k":[0.896087646484,0.617645263672,0.145111083984,1],"ix":5}},{"ty":3,"nm":"Point 3","mn":"ADBE 4ColorGradient-0005","ix":6,"v":{"a":0,"k":[449,429],"ix":6}},{"ty":2,"nm":"Color 3","mn":"ADBE 4ColorGradient-0006","ix":7,"v":{"a":0,"k":[0.998046875,0.841186523438,0.281372070313,1],"ix":7}},{"ty":3,"nm":"Point 4","mn":"ADBE 4ColorGradient-0007","ix":8,"v":{"a":0,"k":[485,430],"ix":8}},{"ty":2,"nm":"Color 4","mn":"ADBE 4ColorGradient-0008","ix":9,"v":{"a":0,"k":[0.934326171875,0.674499511719,0.154907226563,1],"ix":9}},{"ty":6,"nm":"Color 4","mn":"ADBE 4ColorGradient-0012","ix":10,"v":0},{"ty":0,"nm":"Blend","mn":"ADBE 4ColorGradient-0009","ix":11,"v":{"a":0,"k":5,"ix":11}},{"ty":0,"nm":"Jitter","mn":"ADBE 4ColorGradient-0010","ix":12,"v":{"a":0,"k":0,"ix":12}},{"ty":0,"nm":"Opacity","mn":"ADBE 4ColorGradient-0013","ix":13,"v":{"a":0,"k":100,"ix":13}},{"ty":7,"nm":"Blending Mode","mn":"ADBE 4ColorGradient-0014","ix":14,"v":{"a":0,"k":7,"ix":14}}]}],"shapes":[{"ty":"gr","it":[{"ind":0,"ty":"sh","ix":1,"ks":{"a":0,"k":{"i":[[0,0],[0,0],[0,0],[0,0]],"o":[[0,0],[0,0],[0,0],[0,0]],"v":[[-230.4,72.533],[-110.933,72.533],[-110.933,106.666],[-230.4,106.666]],"c":true},"ix":2},"nm":"Path 1","mn":"ADBE Vector Shape - Group","hd":false},{"ty":"fl","c":{"a":0,"k":[1,0.658782958984,0.239196777344,1],"ix":4},"o":{"a":0,"k":100,"ix":5},"r":1,"bm":0,"nm":"Fill 1","mn":"ADBE Vector Graphic - Fill","hd":false},{"ty":"tr","p":{"a":0,"k":[0,0],"ix":2},"a":{"a":0,"k":[0,0],"ix":1},"s":{"a":0,"k":[100,100],"ix":3},"r":{"a":0,"k":0,"ix":6},"o":{"a":0,"k":100,"ix":7},"sk":{"a":0,"k":0,"ix":4},"sa":{"a":0,"k":0,"ix":5},"nm":"Transform"}],"nm":"Group 11","np":2,"cix":2,"bm":0,"ix":1,"mn":"ADBE Vector Group","hd":false},{"ty":"rd","nm":"Round Corners 1","r":{"a":0,"k":5,"ix":1},"ix":2,"mn":"ADBE Vector Filter - RC","hd":false}],"ip":0,"op":289,"st":0,"bm":0},{"ddd":0,"ind":17,"ty":4,"nm":"Group 29","parent":4,"sr":1,"ks":{"o":{"a":0,"k":100,"ix":11},"r":{"a":0,"k":0,"ix":10,"x":"var $bm_rt;\n$bm_rt = $bm_mul(value, -1);"},"p":{"s":true,"x":{"a":0,"k":-10,"ix":3},"y":{"a":0,"k":217.375,"ix":4}},"a":{"a":0,"k":[-170.667,89.599,0],"ix":1},"s":{"a":0,"k":[100,100,100],"ix":6}},"ao":0,"ef":[{"ty":5,"nm":"4-Color Gradient","np":16,"mn":"ADBE 4ColorGradient","ix":1,"en":1,"ef":[{"ty":6,"nm":"Positions & Colors","mn":"ADBE 4ColorGradient-0011","ix":1,"v":0},{"ty":3,"nm":"Point 1","mn":"ADBE 4ColorGradient-0001","ix":2,"v":{"a":0,"k":[344,458],"ix":2}},{"ty":2,"nm":"Color 1","mn":"ADBE 4ColorGradient-0002","ix":3,"v":{"a":0,"k":[0.980377197266,0.784301757813,0.235290527344,1],"ix":3}},{"ty":3,"nm":"Point 2","mn":"ADBE 4ColorGradient-0003","ix":4,"v":{"a":0,"k":[388,455],"ix":4}},{"ty":2,"nm":"Color 2","mn":"ADBE 4ColorGradient-0004","ix":5,"v":{"a":0,"k":[0.896087646484,0.617645263672,0.145111083984,1],"ix":5}},{"ty":3,"nm":"Point 3","mn":"ADBE 4ColorGradient-0005","ix":6,"v":{"a":0,"k":[428,454],"ix":6}},{"ty":2,"nm":"Color 3","mn":"ADBE 4ColorGradient-0006","ix":7,"v":{"a":0,"k":[0.998046875,0.841186523438,0.281372070313,1],"ix":7}},{"ty":3,"nm":"Point 4","mn":"ADBE 4ColorGradient-0007","ix":8,"v":{"a":0,"k":[465,456],"ix":8}},{"ty":2,"nm":"Color 4","mn":"ADBE 4ColorGradient-0008","ix":9,"v":{"a":0,"k":[0.934326171875,0.674499511719,0.154907226563,1],"ix":9}},{"ty":6,"nm":"Color 4","mn":"ADBE 4ColorGradient-0012","ix":10,"v":0},{"ty":0,"nm":"Blend","mn":"ADBE 4ColorGradient-0009","ix":11,"v":{"a":0,"k":5,"ix":11}},{"ty":0,"nm":"Jitter","mn":"ADBE 4ColorGradient-0010","ix":12,"v":{"a":0,"k":0,"ix":12}},{"ty":0,"nm":"Opacity","mn":"ADBE 4ColorGradient-0013","ix":13,"v":{"a":0,"k":100,"ix":13}},{"ty":7,"nm":"Blending Mode","mn":"ADBE 4ColorGradient-0014","ix":14,"v":{"a":0,"k":7,"ix":14}}]}],"shapes":[{"ty":"gr","it":[{"ind":0,"ty":"sh","ix":1,"ks":{"a":0,"k":{"i":[[0,0],[0,0],[0,0],[0,0]],"o":[[0,0],[0,0],[0,0],[0,0]],"v":[[-230.4,72.533],[-110.933,72.533],[-110.933,106.666],[-230.4,106.666]],"c":true},"ix":2},"nm":"Path 1","mn":"ADBE Vector Shape - Group","hd":false},{"ty":"fl","c":{"a":0,"k":[0.992126464844,0.713714599609,0.184295654297,1],"ix":4},"o":{"a":0,"k":100,"ix":5},"r":1,"bm":0,"nm":"Fill 1","mn":"ADBE Vector Graphic - Fill","hd":false},{"ty":"tr","p":{"a":0,"k":[0,0],"ix":2},"a":{"a":0,"k":[0,0],"ix":1},"s":{"a":0,"k":[100,100],"ix":3},"r":{"a":0,"k":0,"ix":6},"o":{"a":0,"k":100,"ix":7},"sk":{"a":0,"k":0,"ix":4},"sa":{"a":0,"k":0,"ix":5},"nm":"Transform"}],"nm":"Group 11","np":2,"cix":2,"bm":0,"ix":1,"mn":"ADBE Vector Group","hd":false},{"ty":"rd","nm":"Round Corners 1","r":{"a":0,"k":5,"ix":1},"ix":2,"mn":"ADBE Vector Filter - RC","hd":false}],"ip":0,"op":289,"st":0,"bm":0},{"ddd":0,"ind":18,"ty":4,"nm":"Group 28","parent":4,"sr":1,"ks":{"o":{"a":0,"k":100,"ix":11},"r":{"a":0,"k":0,"ix":10},"p":{"s":true,"x":{"a":0,"k":20,"ix":3},"y":{"a":0,"k":251.375,"ix":4}},"a":{"a":0,"k":[-170.667,89.599,0],"ix":1},"s":{"a":0,"k":[100,100,100],"ix":6}},"ao":0,"ef":[{"ty":5,"nm":"4-Color Gradient","np":16,"mn":"ADBE 4ColorGradient","ix":1,"en":1,"ef":[{"ty":6,"nm":"Positions & Colors","mn":"ADBE 4ColorGradient-0011","ix":1,"v":0},{"ty":3,"nm":"Point 1","mn":"ADBE 4ColorGradient-0001","ix":2,"v":{"a":0,"k":[378,488],"ix":2}},{"ty":2,"nm":"Color 1","mn":"ADBE 4ColorGradient-0002","ix":3,"v":{"a":0,"k":[0.980377197266,0.784301757813,0.235290527344,1],"ix":3}},{"ty":3,"nm":"Point 2","mn":"ADBE 4ColorGradient-0003","ix":4,"v":{"a":0,"k":[411,487],"ix":4}},{"ty":2,"nm":"Color 2","mn":"ADBE 4ColorGradient-0004","ix":5,"v":{"a":0,"k":[0.896087646484,0.617645263672,0.145111083984,1],"ix":5}},{"ty":3,"nm":"Point 3","mn":"ADBE 4ColorGradient-0005","ix":6,"v":{"a":0,"k":[455,483],"ix":6}},{"ty":2,"nm":"Color 3","mn":"ADBE 4ColorGradient-0006","ix":7,"v":{"a":0,"k":[0.998046875,0.841186523438,0.281372070313,1],"ix":7}},{"ty":3,"nm":"Point 4","mn":"ADBE 4ColorGradient-0007","ix":8,"v":{"a":0,"k":[495,483],"ix":8}},{"ty":2,"nm":"Color 4","mn":"ADBE 4ColorGradient-0008","ix":9,"v":{"a":0,"k":[0.934326171875,0.674499511719,0.154907226563,1],"ix":9}},{"ty":6,"nm":"Color 4","mn":"ADBE 4ColorGradient-0012","ix":10,"v":0},{"ty":0,"nm":"Blend","mn":"ADBE 4ColorGradient-0009","ix":11,"v":{"a":0,"k":5,"ix":11}},{"ty":0,"nm":"Jitter","mn":"ADBE 4ColorGradient-0010","ix":12,"v":{"a":0,"k":0,"ix":12}},{"ty":0,"nm":"Opacity","mn":"ADBE 4ColorGradient-0013","ix":13,"v":{"a":0,"k":100,"ix":13}},{"ty":7,"nm":"Blending Mode","mn":"ADBE 4ColorGradient-0014","ix":14,"v":{"a":0,"k":7,"ix":14}}]}],"shapes":[{"ty":"gr","it":[{"ind":0,"ty":"sh","ix":1,"ks":{"a":0,"k":{"i":[[0,0],[0,0],[0,0],[0,0]],"o":[[0,0],[0,0],[0,0],[0,0]],"v":[[-230.4,72.533],[-110.933,72.533],[-110.933,106.666],[-230.4,106.666]],"c":true},"ix":2},"nm":"Path 1","mn":"ADBE Vector Shape - Group","hd":false},{"ty":"fl","c":{"a":0,"k":[1,0.658782958984,0.239196777344,1],"ix":4},"o":{"a":0,"k":100,"ix":5},"r":1,"bm":0,"nm":"Fill 1","mn":"ADBE Vector Graphic - Fill","hd":false},{"ty":"tr","p":{"a":0,"k":[0,0],"ix":2},"a":{"a":0,"k":[0,0],"ix":1},"s":{"a":0,"k":[100,100],"ix":3},"r":{"a":0,"k":0,"ix":6},"o":{"a":0,"k":100,"ix":7},"sk":{"a":0,"k":0,"ix":4},"sa":{"a":0,"k":0,"ix":5},"nm":"Transform"}],"nm":"Group 11","np":2,"cix":2,"bm":0,"ix":1,"mn":"ADBE Vector Group","hd":false},{"ty":"rd","nm":"Round Corners 1","r":{"a":0,"k":5,"ix":1},"ix":2,"mn":"ADBE Vector Filter - RC","hd":false}],"ip":0,"op":289,"st":0,"bm":0},{"ddd":0,"ind":19,"ty":3,"nm":"Null 3","sr":1,"ks":{"o":{"a":0,"k":0,"ix":11},"r":{"a":0,"k":0,"ix":10},"p":{"a":0,"k":[251,272,0],"ix":2},"a":{"a":0,"k":[0,0,0],"ix":1},"s":{"a":0,"k":[85,85,100],"ix":6}},"ao":0,"ip":0,"op":289,"st":0,"bm":0},{"ddd":0,"ind":20,"ty":3,"nm":"Null 3","parent":26,"sr":1,"ks":{"o":{"a":0,"k":0,"ix":11},"r":{"a":0,"k":0,"ix":10},"p":{"a":0,"k":[-160.667,71.974,0],"ix":2},"a":{"a":0,"k":[0,0,0],"ix":1},"s":{"a":0,"k":[100,100,100],"ix":6}},"ao":0,"ip":0,"op":289,"st":0,"bm":0},{"ddd":0,"ind":21,"ty":4,"nm":"tree 8","parent":20,"sr":1,"ks":{"o":{"a":0,"k":100,"ix":11},"r":{"a":1,"k":[{"i":{"x":[0.667],"y":[1]},"o":{"x":[0.333],"y":[0]},"t":0,"s":[12]},{"t":48,"s":[0]}],"ix":10,"x":"var $bm_rt;\n$bm_rt = loopOut('pingpong');"},"p":{"a":0,"k":[0,-50.067,0],"ix":2},"a":{"a":0,"k":[0,-81.067,0],"ix":1},"s":{"a":1,"k":[{"i":{"x":[0.667,0.667,0.667],"y":[1,1,1]},"o":{"x":[0.333,0.333,0.333],"y":[0,0,0]},"t":310,"s":[100,100,100]},{"t":316,"s":[0,0,100]}],"ix":6}},"ao":0,"shapes":[{"ty":"gr","it":[{"ind":0,"ty":"sh","ix":1,"ks":{"a":0,"k":{"i":[[0,0],[0,0],[0,-47.129],[0,0],[0,0],[0,0],[0,47.13],[0,0]],"o":[[0,0],[47.13,0],[0,0],[0,0],[0,0],[-47.129,0],[0,0],[0,0]],"v":[[-102.4,-166.4],[-85.333,-166.4],[0,-81.067],[0,-81.067],[0,-81.067],[-17.067,-81.067],[-102.4,-166.4],[-102.4,-166.4]],"c":true},"ix":2},"nm":"Path 1","mn":"ADBE Vector Shape - Group","hd":false},{"ty":"fl","c":{"a":0,"k":[0.533333361149,0.701960802078,0.215686276555,1],"ix":4},"o":{"a":0,"k":100,"ix":5},"r":1,"bm":0,"nm":"Fill 1","mn":"ADBE Vector Graphic - Fill","hd":false},{"ty":"tr","p":{"a":0,"k":[0,0],"ix":2},"a":{"a":0,"k":[0,0],"ix":1},"s":{"a":0,"k":[100,100],"ix":3},"r":{"a":0,"k":0,"ix":6},"o":{"a":0,"k":100,"ix":7},"sk":{"a":0,"k":0,"ix":4},"sa":{"a":0,"k":0,"ix":5},"nm":"Transform"}],"nm":"Group 13","np":2,"cix":2,"bm":0,"ix":1,"mn":"ADBE Vector Group","hd":false}],"ip":0,"op":289,"st":0,"bm":0},{"ddd":0,"ind":22,"ty":4,"nm":"tree 7","parent":20,"sr":1,"ks":{"o":{"a":0,"k":100,"ix":11},"r":{"a":1,"k":[{"i":{"x":[0.667],"y":[1]},"o":{"x":[0.333],"y":[0]},"t":0,"s":[0]},{"t":72,"s":[12]}],"ix":10,"x":"var $bm_rt;\n$bm_rt = loopOut('pingpong');"},"p":{"a":0,"k":[0,-161,0],"ix":2},"a":{"a":0,"k":[0,-192,0],"ix":1},"s":{"a":1,"k":[{"i":{"x":[0.667,0.667,0.667],"y":[1,1,1]},"o":{"x":[0.333,0.333,0.333],"y":[0,0,0]},"t":295,"s":[100,100,100]},{"t":301,"s":[0,0,100]}],"ix":6}},"ao":0,"ef":[{"ty":5,"nm":"Elastic Controller Rotation","np":5,"mn":"Pseudo/MDS Elastic Controller","ix":1,"en":1,"ef":[{"ty":0,"nm":"Amplitude","mn":"Pseudo/MDS Elastic Controller-0001","ix":1,"v":{"a":0,"k":20,"ix":1}},{"ty":0,"nm":"Frequency","mn":"Pseudo/MDS Elastic Controller-0002","ix":2,"v":{"a":0,"k":40,"ix":2}},{"ty":0,"nm":"Decay","mn":"Pseudo/MDS Elastic Controller-0003","ix":3,"v":{"a":0,"k":60,"ix":3}}]}],"shapes":[{"ty":"gr","it":[{"ind":0,"ty":"sh","ix":1,"ks":{"a":0,"k":{"i":[[0,-32.99],[0,0],[0,32.99],[0,0]],"o":[[0,0],[-32.99,0],[0,0],[32.99,0]],"v":[[0,-192],[-17.067,-192],[-76.8,-251.733],[-59.733,-251.733]],"c":true},"ix":2},"nm":"Path 1","mn":"ADBE Vector Shape - Group","hd":false},{"ty":"fl","c":{"a":0,"k":[0.533333361149,0.701960802078,0.215686276555,1],"ix":4},"o":{"a":0,"k":100,"ix":5},"r":1,"bm":0,"nm":"Fill 1","mn":"ADBE Vector Graphic - Fill","hd":false},{"ty":"tr","p":{"a":0,"k":[0,0],"ix":2},"a":{"a":0,"k":[0,0],"ix":1},"s":{"a":0,"k":[100,100],"ix":3},"r":{"a":0,"k":0,"ix":6},"o":{"a":0,"k":100,"ix":7},"sk":{"a":0,"k":0,"ix":4},"sa":{"a":0,"k":0,"ix":5},"nm":"Transform"}],"nm":"Group 21","np":2,"cix":2,"bm":0,"ix":1,"mn":"ADBE Vector Group","hd":false}],"ip":0,"op":289,"st":0,"bm":0},{"ddd":0,"ind":23,"ty":4,"nm":"tree 6","parent":20,"sr":1,"ks":{"o":{"a":0,"k":100,"ix":11},"r":{"a":0,"k":0,"ix":10},"p":{"a":0,"k":[0,0,0],"ix":2},"a":{"a":0,"k":[0,-31,0],"ix":1},"s":{"a":1,"k":[{"i":{"x":[0.833,0.833,0.833],"y":[0.833,0.833,0.833]},"o":{"x":[0.167,0.167,0.167],"y":[0.167,0.167,0.167]},"t":305,"s":[100,100,100]},{"t":315,"s":[100,0,100]}],"ix":6}},"ao":0,"shapes":[{"ty":"gr","it":[{"ind":0,"ty":"sh","ix":1,"ks":{"a":0,"k":{"i":[[0,0],[0,0],[0,0],[0,0]],"o":[[0,0],[0,0],[0,0],[0,0]],"v":[[-8.533,-192],[8.534,-192],[8.534,-29.867],[-8.533,-29.867]],"c":true},"ix":2},"nm":"Path 1","mn":"ADBE Vector Shape - Group","hd":false},{"ty":"fl","c":{"a":0,"k":[0.419607847929,0.588235318661,0.164705887437,1],"ix":4},"o":{"a":0,"k":100,"ix":5},"r":1,"bm":0,"nm":"Fill 1","mn":"ADBE Vector Graphic - Fill","hd":false},{"ty":"tr","p":{"a":0,"k":[0,0],"ix":2},"a":{"a":0,"k":[0,0],"ix":1},"s":{"a":0,"k":[100,100],"ix":3},"r":{"a":0,"k":0,"ix":6},"o":{"a":0,"k":100,"ix":7},"sk":{"a":0,"k":0,"ix":4},"sa":{"a":0,"k":0,"ix":5},"nm":"Transform"}],"nm":"Group 22","np":2,"cix":2,"bm":0,"ix":1,"mn":"ADBE Vector Group","hd":false}],"ip":0,"op":289,"st":0,"bm":0},{"ddd":0,"ind":24,"ty":4,"nm":"tree 2 3","parent":20,"sr":1,"ks":{"o":{"a":0,"k":100,"ix":11},"r":{"a":1,"k":[{"i":{"x":[0.667],"y":[1]},"o":{"x":[0.333],"y":[0]},"t":1.5,"s":[0]},{"t":72,"s":[12]}],"ix":10,"x":"var $bm_rt;\n$bm_rt = loopOut('pingpong');"},"p":{"a":0,"k":[0,-161,0],"ix":2},"a":{"a":0,"k":[0,-192,0],"ix":1},"s":{"a":1,"k":[{"i":{"x":[0.667,0.667,0.667],"y":[1,1,1]},"o":{"x":[0.333,0.333,0.333],"y":[0,0,0]},"t":294,"s":[100,100,100]},{"t":300,"s":[0,0,100]}],"ix":6}},"ao":0,"ef":[{"ty":5,"nm":"Elastic Controller Rotation","np":5,"mn":"Pseudo/MDS Elastic Controller","ix":1,"en":1,"ef":[{"ty":0,"nm":"Amplitude","mn":"Pseudo/MDS Elastic Controller-0001","ix":1,"v":{"a":0,"k":20,"ix":1}},{"ty":0,"nm":"Frequency","mn":"Pseudo/MDS Elastic Controller-0002","ix":2,"v":{"a":0,"k":40,"ix":2}},{"ty":0,"nm":"Decay","mn":"Pseudo/MDS Elastic Controller-0003","ix":3,"v":{"a":0,"k":60,"ix":3}}]}],"shapes":[{"ty":"gr","it":[{"ty":"gr","it":[{"ind":0,"ty":"sh","ix":1,"ks":{"a":0,"k":{"i":[[0,32.99],[0,0],[0,-32.99],[0,0]],"o":[[0,0],[-32.99,0],[0,0],[32.99,0]],"v":[[76.8,-251.733],[59.733,-251.733],[0,-192],[17.067,-192]],"c":true},"ix":2},"nm":"Path 1","mn":"ADBE Vector Shape - Group","hd":false},{"ty":"fl","c":{"a":0,"k":[0.419607847929,0.588235318661,0.164705887437,1],"ix":4},"o":{"a":0,"k":100,"ix":5},"r":1,"bm":0,"nm":"Fill 1","mn":"ADBE Vector Graphic - Fill","hd":false},{"ty":"tr","p":{"a":0,"k":[0,0],"ix":2},"a":{"a":0,"k":[0,0],"ix":1},"s":{"a":0,"k":[100,100],"ix":3},"r":{"a":0,"k":0,"ix":6},"o":{"a":0,"k":100,"ix":7},"sk":{"a":0,"k":0,"ix":4},"sa":{"a":0,"k":0,"ix":5},"nm":"Transform"}],"nm":"Group 2","np":2,"cix":2,"bm":0,"ix":1,"mn":"ADBE Vector Group","hd":false},{"ty":"tr","p":{"a":0,"k":[0,0],"ix":2},"a":{"a":0,"k":[0,0],"ix":1},"s":{"a":0,"k":[100,100],"ix":3},"r":{"a":0,"k":0,"ix":6},"o":{"a":0,"k":100,"ix":7},"sk":{"a":0,"k":0,"ix":4},"sa":{"a":0,"k":0,"ix":5},"nm":"Transform"}],"nm":"Group 12","np":1,"cix":2,"bm":0,"ix":1,"mn":"ADBE Vector Group","hd":false}],"ip":0,"op":289,"st":0,"bm":0},{"ddd":0,"ind":25,"ty":4,"nm":"tree 5","parent":20,"sr":1,"ks":{"o":{"a":0,"k":100,"ix":11},"r":{"a":1,"k":[{"i":{"x":[0.833],"y":[0.833]},"o":{"x":[0.167],"y":[0.167]},"t":305,"s":[0]},{"t":311,"s":[-49]}],"ix":10,"x":"var $bm_rt;\nvar amp, freq, decay, n, n, t, t, v;\ntry {\n    amp = $bm_div(effect('Elastic Controller Rotation')(1), 200);\n    freq = $bm_div(effect('Elastic Controller Rotation')(2), 30);\n    decay = $bm_div(effect('Elastic Controller Rotation')(3), 10);\n    $bm_rt = n = 0;\n    if (numKeys > 0) {\n        $bm_rt = n = nearestKey(time).index;\n        if (key(n).time > time) {\n            n--;\n        }\n    }\n    if (n == 0) {\n        $bm_rt = t = 0;\n    } else {\n        $bm_rt = t = $bm_sub(time, key(n).time);\n    }\n    if (n > 0) {\n        v = velocityAtTime($bm_sub(key(n).time, $bm_div(thisComp.frameDuration, 10)));\n        $bm_rt = $bm_sum(value, $bm_div($bm_mul($bm_mul(v, amp), Math.sin($bm_mul($bm_mul($bm_mul(freq, t), 2), Math.PI))), Math.exp($bm_mul(decay, t))));\n    } else {\n        $bm_rt = value;\n    }\n} catch (e$$4) {\n    $bm_rt = value = value;\n}"},"p":{"a":0,"k":[0,-50.067,0],"ix":2},"a":{"a":0,"k":[0,-81.067,0],"ix":1},"s":{"a":1,"k":[{"i":{"x":[0.667,0.667,0.667],"y":[1,1,1]},"o":{"x":[0.333,0.333,0.333],"y":[0,0,0]},"t":305,"s":[100,100,100]},{"t":311,"s":[0,0,100]}],"ix":6}},"ao":0,"ef":[{"ty":5,"nm":"Elastic Controller Rotation","np":5,"mn":"Pseudo/MDS Elastic Controller","ix":1,"en":1,"ef":[{"ty":0,"nm":"Amplitude","mn":"Pseudo/MDS Elastic Controller-0001","ix":1,"v":{"a":0,"k":20,"ix":1}},{"ty":0,"nm":"Frequency","mn":"Pseudo/MDS Elastic Controller-0002","ix":2,"v":{"a":0,"k":40,"ix":2}},{"ty":0,"nm":"Decay","mn":"Pseudo/MDS Elastic Controller-0003","ix":3,"v":{"a":0,"k":60,"ix":3}}]}],"shapes":[{"ty":"gr","it":[{"ty":"gr","it":[{"ind":0,"ty":"sh","ix":1,"ks":{"a":0,"k":{"i":[[47.129,0],[0,0],[0,0],[0,0],[-47.129,0],[0,0],[0,0],[0,0]],"o":[[0,0],[0,0],[0,0],[0,-47.13],[0,0],[0,0],[0,0],[0,47.13]],"v":[[17.067,-81.067],[0,-81.067],[0,-81.067],[0,-81.067],[85.333,-166.4],[102.4,-166.4],[102.4,-166.4],[102.4,-166.4]],"c":true},"ix":2},"nm":"Path 1","mn":"ADBE Vector Shape - Group","hd":false},{"ty":"fl","c":{"a":0,"k":[0.419607847929,0.588235318661,0.164705887437,1],"ix":4},"o":{"a":0,"k":100,"ix":5},"r":1,"bm":0,"nm":"Fill 1","mn":"ADBE Vector Graphic - Fill","hd":false},{"ty":"tr","p":{"a":0,"k":[0,0],"ix":2},"a":{"a":0,"k":[0,0],"ix":1},"s":{"a":0,"k":[100,100],"ix":3},"r":{"a":0,"k":0,"ix":6},"o":{"a":0,"k":100,"ix":7},"sk":{"a":0,"k":0,"ix":4},"sa":{"a":0,"k":0,"ix":5},"nm":"Transform"}],"nm":"Group 1","np":2,"cix":2,"bm":0,"ix":1,"mn":"ADBE Vector Group","hd":false},{"ty":"tr","p":{"a":0,"k":[0,0],"ix":2},"a":{"a":0,"k":[0,0],"ix":1},"s":{"a":0,"k":[100,100],"ix":3},"r":{"a":0,"k":0,"ix":6},"o":{"a":0,"k":100,"ix":7},"sk":{"a":0,"k":0,"ix":4},"sa":{"a":0,"k":0,"ix":5},"nm":"Transform"}],"nm":"Group 12","np":1,"cix":2,"bm":0,"ix":1,"mn":"ADBE Vector Group","hd":false}],"ip":0,"op":289,"st":0,"bm":0},{"ddd":0,"ind":26,"ty":4,"nm":"Group 27","parent":19,"sr":1,"ks":{"o":{"a":0,"k":100,"ix":11},"r":{"a":0,"k":0,"ix":10,"x":"var $bm_rt;\n$bm_rt = $bm_mul(value, -1);"},"p":{"s":true,"x":{"a":0,"k":-10,"ix":3},"y":{"a":0,"k":17.625,"ix":4}},"a":{"a":0,"k":[-170.667,89.599,0],"ix":1},"s":{"a":0,"k":[100,100,100],"ix":6}},"ao":0,"ef":[{"ty":5,"nm":"4-Color Gradient","np":16,"mn":"ADBE 4ColorGradient","ix":1,"en":1,"ef":[{"ty":6,"nm":"Positions & Colors","mn":"ADBE 4ColorGradient-0011","ix":1,"v":0},{"ty":3,"nm":"Point 1","mn":"ADBE 4ColorGradient-0001","ix":2,"v":{"a":0,"k":[186,287],"ix":2}},{"ty":2,"nm":"Color 1","mn":"ADBE 4ColorGradient-0002","ix":3,"v":{"a":0,"k":[0.980377197266,0.784301757813,0.235290527344,1],"ix":3}},{"ty":3,"nm":"Point 2","mn":"ADBE 4ColorGradient-0003","ix":4,"v":{"a":0,"k":[227,288],"ix":4}},{"ty":2,"nm":"Color 2","mn":"ADBE 4ColorGradient-0004","ix":5,"v":{"a":0,"k":[0.896087646484,0.617645263672,0.145111083984,1],"ix":5}},{"ty":3,"nm":"Point 3","mn":"ADBE 4ColorGradient-0005","ix":6,"v":{"a":0,"k":[269,288],"ix":6}},{"ty":2,"nm":"Color 3","mn":"ADBE 4ColorGradient-0006","ix":7,"v":{"a":0,"k":[0.998046875,0.841186523438,0.281372070313,1],"ix":7}},{"ty":3,"nm":"Point 4","mn":"ADBE 4ColorGradient-0007","ix":8,"v":{"a":0,"k":[301,286],"ix":8}},{"ty":2,"nm":"Color 4","mn":"ADBE 4ColorGradient-0008","ix":9,"v":{"a":0,"k":[0.934326171875,0.674499511719,0.154907226563,1],"ix":9}},{"ty":6,"nm":"Color 4","mn":"ADBE 4ColorGradient-0012","ix":10,"v":0},{"ty":0,"nm":"Blend","mn":"ADBE 4ColorGradient-0009","ix":11,"v":{"a":0,"k":5,"ix":11}},{"ty":0,"nm":"Jitter","mn":"ADBE 4ColorGradient-0010","ix":12,"v":{"a":0,"k":0,"ix":12}},{"ty":0,"nm":"Opacity","mn":"ADBE 4ColorGradient-0013","ix":13,"v":{"a":0,"k":100,"ix":13}},{"ty":7,"nm":"Blending Mode","mn":"ADBE 4ColorGradient-0014","ix":14,"v":{"a":0,"k":7,"ix":14}}]}],"shapes":[{"ty":"gr","it":[{"ind":0,"ty":"sh","ix":1,"ks":{"a":0,"k":{"i":[[0,0],[0,0],[0,0],[0,0]],"o":[[0,0],[0,0],[0,0],[0,0]],"v":[[-230.4,72.533],[-110.933,72.533],[-110.933,106.666],[-230.4,106.666]],"c":true},"ix":2},"nm":"Path 1","mn":"ADBE Vector Shape - Group","hd":false},{"ty":"fl","c":{"a":0,"k":[0.992095947266,0.713684082031,0.184295654297,1],"ix":4},"o":{"a":0,"k":100,"ix":5},"r":1,"bm":0,"nm":"Fill 1","mn":"ADBE Vector Graphic - Fill","hd":false},{"ty":"tr","p":{"a":0,"k":[0,0],"ix":2},"a":{"a":0,"k":[0,0],"ix":1},"s":{"a":0,"k":[100,100],"ix":3},"r":{"a":0,"k":0,"ix":6},"o":{"a":0,"k":100,"ix":7},"sk":{"a":0,"k":0,"ix":4},"sa":{"a":0,"k":0,"ix":5},"nm":"Transform"}],"nm":"Group 11","np":2,"cix":2,"bm":0,"ix":1,"mn":"ADBE Vector Group","hd":false},{"ty":"rd","nm":"Round Corners 1","r":{"a":0,"k":5,"ix":1},"ix":2,"mn":"ADBE Vector Filter - RC","hd":false}],"ip":0,"op":289,"st":0,"bm":0},{"ddd":0,"ind":27,"ty":4,"nm":"Group 26","parent":19,"sr":1,"ks":{"o":{"a":0,"k":100,"ix":11},"r":{"a":0,"k":0,"ix":10},"p":{"s":true,"x":{"a":0,"k":20,"ix":3},"y":{"a":0,"k":50.875,"ix":4}},"a":{"a":0,"k":[-170.667,89.599,0],"ix":1},"s":{"a":0,"k":[100,100,100],"ix":6}},"ao":0,"ef":[{"ty":5,"nm":"4-Color Gradient","np":16,"mn":"ADBE 4ColorGradient","ix":1,"en":1,"ef":[{"ty":6,"nm":"Positions & Colors","mn":"ADBE 4ColorGradient-0011","ix":1,"v":0},{"ty":3,"nm":"Point 1","mn":"ADBE 4ColorGradient-0001","ix":2,"v":{"a":0,"k":[207,315],"ix":2}},{"ty":2,"nm":"Color 1","mn":"ADBE 4ColorGradient-0002","ix":3,"v":{"a":0,"k":[0.980377197266,0.784301757813,0.235290527344,1],"ix":3}},{"ty":3,"nm":"Point 2","mn":"ADBE 4ColorGradient-0003","ix":4,"v":{"a":0,"k":[257,315],"ix":4}},{"ty":2,"nm":"Color 2","mn":"ADBE 4ColorGradient-0004","ix":5,"v":{"a":0,"k":[0.896087646484,0.617645263672,0.145111083984,1],"ix":5}},{"ty":3,"nm":"Point 3","mn":"ADBE 4ColorGradient-0005","ix":6,"v":{"a":0,"k":[293,312],"ix":6}},{"ty":2,"nm":"Color 3","mn":"ADBE 4ColorGradient-0006","ix":7,"v":{"a":0,"k":[0.998046875,0.841186523438,0.281372070313,1],"ix":7}},{"ty":3,"nm":"Point 4","mn":"ADBE 4ColorGradient-0007","ix":8,"v":{"a":0,"k":[322,314],"ix":8}},{"ty":2,"nm":"Color 4","mn":"ADBE 4ColorGradient-0008","ix":9,"v":{"a":0,"k":[0.934326171875,0.674499511719,0.154907226563,1],"ix":9}},{"ty":6,"nm":"Color 4","mn":"ADBE 4ColorGradient-0012","ix":10,"v":0},{"ty":0,"nm":"Blend","mn":"ADBE 4ColorGradient-0009","ix":11,"v":{"a":0,"k":5,"ix":11}},{"ty":0,"nm":"Jitter","mn":"ADBE 4ColorGradient-0010","ix":12,"v":{"a":0,"k":0,"ix":12}},{"ty":0,"nm":"Opacity","mn":"ADBE 4ColorGradient-0013","ix":13,"v":{"a":0,"k":100,"ix":13}},{"ty":7,"nm":"Blending Mode","mn":"ADBE 4ColorGradient-0014","ix":14,"v":{"a":0,"k":7,"ix":14}}]}],"shapes":[{"ty":"gr","it":[{"ind":0,"ty":"sh","ix":1,"ks":{"a":0,"k":{"i":[[0,0],[0,0],[0,0],[0,0]],"o":[[0,0],[0,0],[0,0],[0,0]],"v":[[-230.4,72.533],[-110.933,72.533],[-110.933,106.666],[-230.4,106.666]],"c":true},"ix":2},"nm":"Path 1","mn":"ADBE Vector Shape - Group","hd":false},{"ty":"fl","c":{"a":0,"k":[1,0.658752441406,0.239196777344,1],"ix":4},"o":{"a":0,"k":100,"ix":5},"r":1,"bm":0,"nm":"Fill 1","mn":"ADBE Vector Graphic - Fill","hd":false},{"ty":"tr","p":{"a":0,"k":[0,0],"ix":2},"a":{"a":0,"k":[0,0],"ix":1},"s":{"a":0,"k":[100,100],"ix":3},"r":{"a":0,"k":0,"ix":6},"o":{"a":0,"k":100,"ix":7},"sk":{"a":0,"k":0,"ix":4},"sa":{"a":0,"k":0,"ix":5},"nm":"Transform"}],"nm":"Group 11","np":2,"cix":2,"bm":0,"ix":1,"mn":"ADBE Vector Group","hd":false},{"ty":"rd","nm":"Round Corners 1","r":{"a":0,"k":5,"ix":1},"ix":2,"mn":"ADBE Vector Filter - RC","hd":false}],"ip":0,"op":289,"st":0,"bm":0},{"ddd":0,"ind":28,"ty":4,"nm":"Group 25","parent":19,"sr":1,"ks":{"o":{"a":0,"k":100,"ix":11},"r":{"a":0,"k":0,"ix":10,"x":"var $bm_rt;\n$bm_rt = $bm_mul(value, -1);"},"p":{"s":true,"x":{"a":0,"k":-10,"ix":3},"y":{"a":0,"k":84.625,"ix":4}},"a":{"a":0,"k":[-170.667,89.599,0],"ix":1},"s":{"a":0,"k":[100,100,100],"ix":6}},"ao":0,"ef":[{"ty":5,"nm":"4-Color Gradient","np":16,"mn":"ADBE 4ColorGradient","ix":1,"en":1,"ef":[{"ty":6,"nm":"Positions & Colors","mn":"ADBE 4ColorGradient-0011","ix":1,"v":0},{"ty":3,"nm":"Point 1","mn":"ADBE 4ColorGradient-0001","ix":2,"v":{"a":0,"k":[182,350],"ix":2}},{"ty":2,"nm":"Color 1","mn":"ADBE 4ColorGradient-0002","ix":3,"v":{"a":0,"k":[0.980377197266,0.784301757813,0.235290527344,1],"ix":3}},{"ty":3,"nm":"Point 2","mn":"ADBE 4ColorGradient-0003","ix":4,"v":{"a":0,"k":[227,344],"ix":4}},{"ty":2,"nm":"Color 2","mn":"ADBE 4ColorGradient-0004","ix":5,"v":{"a":0,"k":[0.896087646484,0.617645263672,0.145111083984,1],"ix":5}},{"ty":3,"nm":"Point 3","mn":"ADBE 4ColorGradient-0005","ix":6,"v":{"a":0,"k":[264,344],"ix":6}},{"ty":2,"nm":"Color 3","mn":"ADBE 4ColorGradient-0006","ix":7,"v":{"a":0,"k":[0.998046875,0.841186523438,0.281372070313,1],"ix":7}},{"ty":3,"nm":"Point 4","mn":"ADBE 4ColorGradient-0007","ix":8,"v":{"a":0,"k":[308,343],"ix":8}},{"ty":2,"nm":"Color 4","mn":"ADBE 4ColorGradient-0008","ix":9,"v":{"a":0,"k":[0.934326171875,0.674499511719,0.154907226563,1],"ix":9}},{"ty":6,"nm":"Color 4","mn":"ADBE 4ColorGradient-0012","ix":10,"v":0},{"ty":0,"nm":"Blend","mn":"ADBE 4ColorGradient-0009","ix":11,"v":{"a":0,"k":5,"ix":11}},{"ty":0,"nm":"Jitter","mn":"ADBE 4ColorGradient-0010","ix":12,"v":{"a":0,"k":0,"ix":12}},{"ty":0,"nm":"Opacity","mn":"ADBE 4ColorGradient-0013","ix":13,"v":{"a":0,"k":100,"ix":13}},{"ty":7,"nm":"Blending Mode","mn":"ADBE 4ColorGradient-0014","ix":14,"v":{"a":0,"k":7,"ix":14}}]}],"shapes":[{"ty":"gr","it":[{"ind":0,"ty":"sh","ix":1,"ks":{"a":0,"k":{"i":[[0,0],[0,0],[0,0],[0,0]],"o":[[0,0],[0,0],[0,0],[0,0]],"v":[[-230.4,72.533],[-110.933,72.533],[-110.933,106.666],[-230.4,106.666]],"c":true},"ix":2},"nm":"Path 1","mn":"ADBE Vector Shape - Group","hd":false},{"ty":"fl","c":{"a":0,"k":[0.992126464844,0.713714599609,0.184295654297,1],"ix":4},"o":{"a":0,"k":100,"ix":5},"r":1,"bm":0,"nm":"Fill 1","mn":"ADBE Vector Graphic - Fill","hd":false},{"ty":"tr","p":{"a":0,"k":[0,0],"ix":2},"a":{"a":0,"k":[0,0],"ix":1},"s":{"a":0,"k":[100,100],"ix":3},"r":{"a":0,"k":0,"ix":6},"o":{"a":0,"k":100,"ix":7},"sk":{"a":0,"k":0,"ix":4},"sa":{"a":0,"k":0,"ix":5},"nm":"Transform"}],"nm":"Group 11","np":2,"cix":2,"bm":0,"ix":1,"mn":"ADBE Vector Group","hd":false},{"ty":"rd","nm":"Round Corners 1","r":{"a":0,"k":5,"ix":1},"ix":2,"mn":"ADBE Vector Filter - RC","hd":false}],"ip":0,"op":289,"st":0,"bm":0},{"ddd":0,"ind":29,"ty":4,"nm":"Group 24","parent":19,"sr":1,"ks":{"o":{"a":0,"k":100,"ix":11},"r":{"a":0,"k":0,"ix":10},"p":{"s":true,"x":{"a":0,"k":20,"ix":3},"y":{"a":0,"k":118.875,"ix":4}},"a":{"a":0,"k":[-170.667,89.599,0],"ix":1},"s":{"a":0,"k":[100,100,100],"ix":6}},"ao":0,"ef":[{"ty":5,"nm":"4-Color Gradient","np":16,"mn":"ADBE 4ColorGradient","ix":1,"en":1,"ef":[{"ty":6,"nm":"Positions & Colors","mn":"ADBE 4ColorGradient-0011","ix":1,"v":0},{"ty":3,"nm":"Point 1","mn":"ADBE 4ColorGradient-0001","ix":2,"v":{"a":0,"k":[210,378],"ix":2}},{"ty":2,"nm":"Color 1","mn":"ADBE 4ColorGradient-0002","ix":3,"v":{"a":0,"k":[0.980377197266,0.784301757813,0.235290527344,1],"ix":3}},{"ty":3,"nm":"Point 2","mn":"ADBE 4ColorGradient-0003","ix":4,"v":{"a":0,"k":[247,375],"ix":4}},{"ty":2,"nm":"Color 2","mn":"ADBE 4ColorGradient-0004","ix":5,"v":{"a":0,"k":[0.896087646484,0.617645263672,0.145111083984,1],"ix":5}},{"ty":3,"nm":"Point 3","mn":"ADBE 4ColorGradient-0005","ix":6,"v":{"a":0,"k":[280,369],"ix":6}},{"ty":2,"nm":"Color 3","mn":"ADBE 4ColorGradient-0006","ix":7,"v":{"a":0,"k":[0.998046875,0.841186523438,0.281372070313,1],"ix":7}},{"ty":3,"nm":"Point 4","mn":"ADBE 4ColorGradient-0007","ix":8,"v":{"a":0,"k":[329,370],"ix":8}},{"ty":2,"nm":"Color 4","mn":"ADBE 4ColorGradient-0008","ix":9,"v":{"a":0,"k":[0.934326171875,0.674499511719,0.154907226563,1],"ix":9}},{"ty":6,"nm":"Color 4","mn":"ADBE 4ColorGradient-0012","ix":10,"v":0},{"ty":0,"nm":"Blend","mn":"ADBE 4ColorGradient-0009","ix":11,"v":{"a":0,"k":5,"ix":11}},{"ty":0,"nm":"Jitter","mn":"ADBE 4ColorGradient-0010","ix":12,"v":{"a":0,"k":0,"ix":12}},{"ty":0,"nm":"Opacity","mn":"ADBE 4ColorGradient-0013","ix":13,"v":{"a":0,"k":100,"ix":13}},{"ty":7,"nm":"Blending Mode","mn":"ADBE 4ColorGradient-0014","ix":14,"v":{"a":0,"k":7,"ix":14}}]}],"shapes":[{"ty":"gr","it":[{"ind":0,"ty":"sh","ix":1,"ks":{"a":0,"k":{"i":[[0,0],[0,0],[0,0],[0,0]],"o":[[0,0],[0,0],[0,0],[0,0]],"v":[[-230.4,72.533],[-110.933,72.533],[-110.933,106.666],[-230.4,106.666]],"c":true},"ix":2},"nm":"Path 1","mn":"ADBE Vector Shape - Group","hd":false},{"ty":"fl","c":{"a":0,"k":[1,0.658782958984,0.239196777344,1],"ix":4},"o":{"a":0,"k":100,"ix":5},"r":1,"bm":0,"nm":"Fill 1","mn":"ADBE Vector Graphic - Fill","hd":false},{"ty":"tr","p":{"a":0,"k":[0,0],"ix":2},"a":{"a":0,"k":[0,0],"ix":1},"s":{"a":0,"k":[100,100],"ix":3},"r":{"a":0,"k":0,"ix":6},"o":{"a":0,"k":100,"ix":7},"sk":{"a":0,"k":0,"ix":4},"sa":{"a":0,"k":0,"ix":5},"nm":"Transform"}],"nm":"Group 11","np":2,"cix":2,"bm":0,"ix":1,"mn":"ADBE Vector Group","hd":false},{"ty":"rd","nm":"Round Corners 1","r":{"a":0,"k":5,"ix":1},"ix":2,"mn":"ADBE Vector Filter - RC","hd":false}],"ip":0,"op":289,"st":0,"bm":0},{"ddd":0,"ind":30,"ty":4,"nm":"Group 23","parent":19,"sr":1,"ks":{"o":{"a":0,"k":100,"ix":11},"r":{"a":0,"k":0,"ix":10,"x":"var $bm_rt;\n$bm_rt = $bm_mul(value, -1);"},"p":{"s":true,"x":{"a":0,"k":-10,"ix":3},"y":{"a":0,"k":151.625,"ix":4}},"a":{"a":0,"k":[-170.667,89.599,0],"ix":1},"s":{"a":0,"k":[100,100,100],"ix":6}},"ao":0,"ef":[{"ty":5,"nm":"4-Color Gradient","np":16,"mn":"ADBE 4ColorGradient","ix":1,"en":1,"ef":[{"ty":6,"nm":"Positions & Colors","mn":"ADBE 4ColorGradient-0011","ix":1,"v":0},{"ty":3,"nm":"Point 1","mn":"ADBE 4ColorGradient-0001","ix":2,"v":{"a":0,"k":[182.5,404.5],"ix":2}},{"ty":2,"nm":"Color 1","mn":"ADBE 4ColorGradient-0002","ix":3,"v":{"a":0,"k":[0.980377197266,0.784301757813,0.235290527344,1],"ix":3}},{"ty":3,"nm":"Point 2","mn":"ADBE 4ColorGradient-0003","ix":4,"v":{"a":0,"k":[237.5,401],"ix":4}},{"ty":2,"nm":"Color 2","mn":"ADBE 4ColorGradient-0004","ix":5,"v":{"a":0,"k":[0.896087646484,0.617645263672,0.145111083984,1],"ix":5}},{"ty":3,"nm":"Point 3","mn":"ADBE 4ColorGradient-0005","ix":6,"v":{"a":0,"k":[264.5,400.5],"ix":6}},{"ty":2,"nm":"Color 3","mn":"ADBE 4ColorGradient-0006","ix":7,"v":{"a":0,"k":[0.998046875,0.841186523438,0.281372070313,1],"ix":7}},{"ty":3,"nm":"Point 4","mn":"ADBE 4ColorGradient-0007","ix":8,"v":{"a":0,"k":[299,399],"ix":8}},{"ty":2,"nm":"Color 4","mn":"ADBE 4ColorGradient-0008","ix":9,"v":{"a":0,"k":[0.934326171875,0.674499511719,0.154907226563,1],"ix":9}},{"ty":6,"nm":"Color 4","mn":"ADBE 4ColorGradient-0012","ix":10,"v":0},{"ty":0,"nm":"Blend","mn":"ADBE 4ColorGradient-0009","ix":11,"v":{"a":0,"k":5,"ix":11}},{"ty":0,"nm":"Jitter","mn":"ADBE 4ColorGradient-0010","ix":12,"v":{"a":0,"k":0,"ix":12}},{"ty":0,"nm":"Opacity","mn":"ADBE 4ColorGradient-0013","ix":13,"v":{"a":0,"k":100,"ix":13}},{"ty":7,"nm":"Blending Mode","mn":"ADBE 4ColorGradient-0014","ix":14,"v":{"a":0,"k":7,"ix":14}}]}],"shapes":[{"ty":"gr","it":[{"ind":0,"ty":"sh","ix":1,"ks":{"a":0,"k":{"i":[[0,0],[0,0],[0,0],[0,0]],"o":[[0,0],[0,0],[0,0],[0,0]],"v":[[-230.4,72.533],[-110.933,72.533],[-110.933,106.666],[-230.4,106.666]],"c":true},"ix":2},"nm":"Path 1","mn":"ADBE Vector Shape - Group","hd":false},{"ty":"fl","c":{"a":0,"k":[0.992126464844,0.713714599609,0.184295654297,1],"ix":4},"o":{"a":0,"k":100,"ix":5},"r":1,"bm":0,"nm":"Fill 1","mn":"ADBE Vector Graphic - Fill","hd":false},{"ty":"tr","p":{"a":0,"k":[0,0],"ix":2},"a":{"a":0,"k":[0,0],"ix":1},"s":{"a":0,"k":[100,100],"ix":3},"r":{"a":0,"k":0,"ix":6},"o":{"a":0,"k":100,"ix":7},"sk":{"a":0,"k":0,"ix":4},"sa":{"a":0,"k":0,"ix":5},"nm":"Transform"}],"nm":"Group 11","np":2,"cix":2,"bm":0,"ix":1,"mn":"ADBE Vector Group","hd":false},{"ty":"rd","nm":"Round Corners 1","r":{"a":0,"k":5,"ix":1},"ix":2,"mn":"ADBE Vector Filter - RC","hd":false}],"ip":0,"op":289,"st":0,"bm":0},{"ddd":0,"ind":31,"ty":4,"nm":"Group 22","parent":19,"sr":1,"ks":{"o":{"a":0,"k":100,"ix":11},"r":{"a":0,"k":0,"ix":10},"p":{"s":true,"x":{"a":0,"k":7.25,"ix":3},"y":{"a":0,"k":184.875,"ix":4}},"a":{"a":0,"k":[-170.667,89.599,0],"ix":1},"s":{"a":0,"k":[100,100,100],"ix":6}},"ao":0,"ef":[{"ty":5,"nm":"4-Color Gradient","np":16,"mn":"ADBE 4ColorGradient","ix":1,"en":1,"ef":[{"ty":6,"nm":"Positions & Colors","mn":"ADBE 4ColorGradient-0011","ix":1,"v":0},{"ty":3,"nm":"Point 1","mn":"ADBE 4ColorGradient-0001","ix":2,"v":{"a":0,"k":[197,415],"ix":2}},{"ty":2,"nm":"Color 1","mn":"ADBE 4ColorGradient-0002","ix":3,"v":{"a":0,"k":[0.980377197266,0.784301757813,0.235290527344,1],"ix":3}},{"ty":3,"nm":"Point 2","mn":"ADBE 4ColorGradient-0003","ix":4,"v":{"a":0,"k":[237,416],"ix":4}},{"ty":2,"nm":"Color 2","mn":"ADBE 4ColorGradient-0004","ix":5,"v":{"a":0,"k":[0.896087646484,0.617645263672,0.145111083984,1],"ix":5}},{"ty":3,"nm":"Point 3","mn":"ADBE 4ColorGradient-0005","ix":6,"v":{"a":0,"k":[283,416],"ix":6}},{"ty":2,"nm":"Color 3","mn":"ADBE 4ColorGradient-0006","ix":7,"v":{"a":0,"k":[0.998046875,0.841186523438,0.281372070313,1],"ix":7}},{"ty":3,"nm":"Point 4","mn":"ADBE 4ColorGradient-0007","ix":8,"v":{"a":0,"k":[328,412],"ix":8}},{"ty":2,"nm":"Color 4","mn":"ADBE 4ColorGradient-0008","ix":9,"v":{"a":0,"k":[0.934326171875,0.674499511719,0.154907226563,1],"ix":9}},{"ty":6,"nm":"Color 4","mn":"ADBE 4ColorGradient-0012","ix":10,"v":0},{"ty":0,"nm":"Blend","mn":"ADBE 4ColorGradient-0009","ix":11,"v":{"a":0,"k":5,"ix":11}},{"ty":0,"nm":"Jitter","mn":"ADBE 4ColorGradient-0010","ix":12,"v":{"a":0,"k":0,"ix":12}},{"ty":0,"nm":"Opacity","mn":"ADBE 4ColorGradient-0013","ix":13,"v":{"a":0,"k":100,"ix":13}},{"ty":7,"nm":"Blending Mode","mn":"ADBE 4ColorGradient-0014","ix":14,"v":{"a":0,"k":7,"ix":14}}]}],"shapes":[{"ty":"gr","it":[{"ind":0,"ty":"sh","ix":1,"ks":{"a":0,"k":{"i":[[0,0],[0,0],[0,0],[0,0]],"o":[[0,0],[0,0],[0,0],[0,0]],"v":[[-230.4,72.533],[-110.933,72.533],[-110.933,106.666],[-230.4,106.666]],"c":true},"ix":2},"nm":"Path 1","mn":"ADBE Vector Shape - Group","hd":false},{"ty":"fl","c":{"a":0,"k":[1,0.658782958984,0.239196777344,1],"ix":4},"o":{"a":0,"k":100,"ix":5},"r":1,"bm":0,"nm":"Fill 1","mn":"ADBE Vector Graphic - Fill","hd":false},{"ty":"tr","p":{"a":0,"k":[0,0],"ix":2},"a":{"a":0,"k":[0,0],"ix":1},"s":{"a":0,"k":[100,100],"ix":3},"r":{"a":0,"k":0,"ix":6},"o":{"a":0,"k":100,"ix":7},"sk":{"a":0,"k":0,"ix":4},"sa":{"a":0,"k":0,"ix":5},"nm":"Transform"}],"nm":"Group 11","np":2,"cix":2,"bm":0,"ix":1,"mn":"ADBE Vector Group","hd":false},{"ty":"rd","nm":"Round Corners 1","r":{"a":0,"k":5,"ix":1},"ix":2,"mn":"ADBE Vector Filter - RC","hd":false}],"ip":0,"op":289,"st":0,"bm":0},{"ddd":0,"ind":32,"ty":4,"nm":"Group 21","parent":19,"sr":1,"ks":{"o":{"a":0,"k":100,"ix":11},"r":{"a":0,"k":0,"ix":10,"x":"var $bm_rt;\n$bm_rt = $bm_mul(value, -1);"},"p":{"s":true,"x":{"a":0,"k":-0.507,"ix":3},"y":{"a":0,"k":217.375,"ix":4}},"a":{"a":0,"k":[-170.667,89.599,0],"ix":1},"s":{"a":0,"k":[100,100,100],"ix":6}},"ao":0,"ef":[{"ty":5,"nm":"4-Color Gradient","np":16,"mn":"ADBE 4ColorGradient","ix":1,"en":1,"ef":[{"ty":6,"nm":"Positions & Colors","mn":"ADBE 4ColorGradient-0011","ix":1,"v":0},{"ty":3,"nm":"Point 1","mn":"ADBE 4ColorGradient-0001","ix":2,"v":{"a":0,"k":[172,445],"ix":2}},{"ty":2,"nm":"Color 1","mn":"ADBE 4ColorGradient-0002","ix":3,"v":{"a":0,"k":[0.980377197266,0.784301757813,0.235290527344,1],"ix":3}},{"ty":3,"nm":"Point 2","mn":"ADBE 4ColorGradient-0003","ix":4,"v":{"a":0,"k":[209,451],"ix":4}},{"ty":2,"nm":"Color 2","mn":"ADBE 4ColorGradient-0004","ix":5,"v":{"a":0,"k":[0.896087646484,0.617645263672,0.145111083984,1],"ix":5}},{"ty":3,"nm":"Point 3","mn":"ADBE 4ColorGradient-0005","ix":6,"v":{"a":0,"k":[253,452],"ix":6}},{"ty":2,"nm":"Color 3","mn":"ADBE 4ColorGradient-0006","ix":7,"v":{"a":0,"k":[0.998046875,0.841186523438,0.281372070313,1],"ix":7}},{"ty":3,"nm":"Point 4","mn":"ADBE 4ColorGradient-0007","ix":8,"v":{"a":0,"k":[307,452],"ix":8}},{"ty":2,"nm":"Color 4","mn":"ADBE 4ColorGradient-0008","ix":9,"v":{"a":0,"k":[0.934326171875,0.674499511719,0.154907226563,1],"ix":9}},{"ty":6,"nm":"Color 4","mn":"ADBE 4ColorGradient-0012","ix":10,"v":0},{"ty":0,"nm":"Blend","mn":"ADBE 4ColorGradient-0009","ix":11,"v":{"a":0,"k":5,"ix":11}},{"ty":0,"nm":"Jitter","mn":"ADBE 4ColorGradient-0010","ix":12,"v":{"a":0,"k":0,"ix":12}},{"ty":0,"nm":"Opacity","mn":"ADBE 4ColorGradient-0013","ix":13,"v":{"a":0,"k":100,"ix":13}},{"ty":7,"nm":"Blending Mode","mn":"ADBE 4ColorGradient-0014","ix":14,"v":{"a":0,"k":7,"ix":14}}]}],"shapes":[{"ty":"gr","it":[{"ind":0,"ty":"sh","ix":1,"ks":{"a":0,"k":{"i":[[0,0],[0,0],[0,0],[0,0]],"o":[[0,0],[0,0],[0,0],[0,0]],"v":[[-230.4,72.533],[-110.933,72.533],[-110.933,106.666],[-230.4,106.666]],"c":true},"ix":2},"nm":"Path 1","mn":"ADBE Vector Shape - Group","hd":false},{"ty":"fl","c":{"a":0,"k":[0.992126464844,0.713714599609,0.184295654297,1],"ix":4},"o":{"a":0,"k":100,"ix":5},"r":1,"bm":0,"nm":"Fill 1","mn":"ADBE Vector Graphic - Fill","hd":false},{"ty":"tr","p":{"a":0,"k":[0,0],"ix":2},"a":{"a":0,"k":[0,0],"ix":1},"s":{"a":0,"k":[100,100],"ix":3},"r":{"a":0,"k":0,"ix":6},"o":{"a":0,"k":100,"ix":7},"sk":{"a":0,"k":0,"ix":4},"sa":{"a":0,"k":0,"ix":5},"nm":"Transform"}],"nm":"Group 11","np":2,"cix":2,"bm":0,"ix":1,"mn":"ADBE Vector Group","hd":false},{"ty":"rd","nm":"Round Corners 1","r":{"a":0,"k":5,"ix":1},"ix":2,"mn":"ADBE Vector Filter - RC","hd":false}],"ip":0,"op":289,"st":0,"bm":0},{"ddd":0,"ind":33,"ty":4,"nm":"Group 20","parent":19,"sr":1,"ks":{"o":{"a":0,"k":100,"ix":11},"r":{"a":0,"k":0,"ix":10},"p":{"s":true,"x":{"a":0,"k":2.081,"ix":3},"y":{"a":0,"k":251.375,"ix":4}},"a":{"a":0,"k":[-170.667,89.599,0],"ix":1},"s":{"a":0,"k":[100,100,100],"ix":6}},"ao":0,"ef":[{"ty":5,"nm":"4-Color Gradient","np":16,"mn":"ADBE 4ColorGradient","ix":1,"en":1,"ef":[{"ty":6,"nm":"Positions & Colors","mn":"ADBE 4ColorGradient-0011","ix":1,"v":0},{"ty":3,"nm":"Point 1","mn":"ADBE 4ColorGradient-0001","ix":2,"v":{"a":0,"k":[191,481],"ix":2}},{"ty":2,"nm":"Color 1","mn":"ADBE 4ColorGradient-0002","ix":3,"v":{"a":0,"k":[0.980377197266,0.784301757813,0.235290527344,1],"ix":3}},{"ty":3,"nm":"Point 2","mn":"ADBE 4ColorGradient-0003","ix":4,"v":{"a":0,"k":[233,481],"ix":4}},{"ty":2,"nm":"Color 2","mn":"ADBE 4ColorGradient-0004","ix":5,"v":{"a":0,"k":[0.896087646484,0.617645263672,0.145111083984,1],"ix":5}},{"ty":3,"nm":"Point 3","mn":"ADBE 4ColorGradient-0005","ix":6,"v":{"a":0,"k":[275,480],"ix":6}},{"ty":2,"nm":"Color 3","mn":"ADBE 4ColorGradient-0006","ix":7,"v":{"a":0,"k":[0.998046875,0.841186523438,0.281372070313,1],"ix":7}},{"ty":3,"nm":"Point 4","mn":"ADBE 4ColorGradient-0007","ix":8,"v":{"a":0,"k":[330,481],"ix":8}},{"ty":2,"nm":"Color 4","mn":"ADBE 4ColorGradient-0008","ix":9,"v":{"a":0,"k":[0.934326171875,0.674499511719,0.154907226563,1],"ix":9}},{"ty":6,"nm":"Color 4","mn":"ADBE 4ColorGradient-0012","ix":10,"v":0},{"ty":0,"nm":"Blend","mn":"ADBE 4ColorGradient-0009","ix":11,"v":{"a":0,"k":5,"ix":11}},{"ty":0,"nm":"Jitter","mn":"ADBE 4ColorGradient-0010","ix":12,"v":{"a":0,"k":0,"ix":12}},{"ty":0,"nm":"Opacity","mn":"ADBE 4ColorGradient-0013","ix":13,"v":{"a":0,"k":100,"ix":13}},{"ty":7,"nm":"Blending Mode","mn":"ADBE 4ColorGradient-0014","ix":14,"v":{"a":0,"k":7,"ix":14}}]}],"shapes":[{"ty":"gr","it":[{"ind":0,"ty":"sh","ix":1,"ks":{"a":0,"k":{"i":[[0,0],[0,0],[0,0],[0,0]],"o":[[0,0],[0,0],[0,0],[0,0]],"v":[[-230.4,72.533],[-110.933,72.533],[-110.933,106.666],[-230.4,106.666]],"c":true},"ix":2},"nm":"Path 1","mn":"ADBE Vector Shape - Group","hd":false},{"ty":"fl","c":{"a":0,"k":[1,0.658782958984,0.239196777344,1],"ix":4},"o":{"a":0,"k":100,"ix":5},"r":1,"bm":0,"nm":"Fill 1","mn":"ADBE Vector Graphic - Fill","hd":false},{"ty":"tr","p":{"a":0,"k":[0,0],"ix":2},"a":{"a":0,"k":[0,0],"ix":1},"s":{"a":0,"k":[100,100],"ix":3},"r":{"a":0,"k":0,"ix":6},"o":{"a":0,"k":100,"ix":7},"sk":{"a":0,"k":0,"ix":4},"sa":{"a":0,"k":0,"ix":5},"nm":"Transform"}],"nm":"Group 11","np":2,"cix":2,"bm":0,"ix":1,"mn":"ADBE Vector Group","hd":false},{"ty":"rd","nm":"Round Corners 1","r":{"a":0,"k":5,"ix":1},"ix":2,"mn":"ADBE Vector Filter - RC","hd":false}],"ip":0,"op":289,"st":0,"bm":0},{"ddd":0,"ind":34,"ty":3,"nm":"Null 3","sr":1,"ks":{"o":{"a":0,"k":0,"ix":11},"r":{"a":0,"k":0,"ix":10},"p":{"a":0,"k":[89,272,0],"ix":2},"a":{"a":0,"k":[0,0,0],"ix":1},"s":{"a":0,"k":[85,85,100],"ix":6}},"ao":0,"ip":0,"op":289,"st":0,"bm":0},{"ddd":0,"ind":35,"ty":3,"nm":"Null 3","parent":41,"sr":1,"ks":{"o":{"a":0,"k":0,"ix":11},"r":{"a":0,"k":0,"ix":10},"p":{"a":0,"k":[-160.667,71.974,0],"ix":2},"a":{"a":0,"k":[0,0,0],"ix":1},"s":{"a":0,"k":[100,100,100],"ix":6}},"ao":0,"ip":0,"op":289,"st":0,"bm":0},{"ddd":0,"ind":36,"ty":4,"nm":"tree","parent":35,"sr":1,"ks":{"o":{"a":0,"k":100,"ix":11},"r":{"a":1,"k":[{"i":{"x":[0.667],"y":[1]},"o":{"x":[0.333],"y":[0]},"t":0,"s":[0]},{"t":48,"s":[12]}],"ix":10,"x":"var $bm_rt;\n$bm_rt = loopOut('pingpong');"},"p":{"a":0,"k":[0,-50.067,0],"ix":2},"a":{"a":0,"k":[0,-81.067,0],"ix":1},"s":{"a":1,"k":[{"i":{"x":[0.667,0.667,0.667],"y":[1,1,1]},"o":{"x":[0.333,0.333,0.333],"y":[0,0,0]},"t":310,"s":[100,100,100]},{"t":316,"s":[0,0,100]}],"ix":6}},"ao":0,"shapes":[{"ty":"gr","it":[{"ind":0,"ty":"sh","ix":1,"ks":{"a":0,"k":{"i":[[0,0],[0,0],[0,-47.129],[0,0],[0,0],[0,0],[0,47.13],[0,0]],"o":[[0,0],[47.13,0],[0,0],[0,0],[0,0],[-47.129,0],[0,0],[0,0]],"v":[[-102.4,-166.4],[-85.333,-166.4],[0,-81.067],[0,-81.067],[0,-81.067],[-17.067,-81.067],[-102.4,-166.4],[-102.4,-166.4]],"c":true},"ix":2},"nm":"Path 1","mn":"ADBE Vector Shape - Group","hd":false},{"ty":"fl","c":{"a":0,"k":[0.533333361149,0.701960802078,0.215686276555,1],"ix":4},"o":{"a":0,"k":100,"ix":5},"r":1,"bm":0,"nm":"Fill 1","mn":"ADBE Vector Graphic - Fill","hd":false},{"ty":"tr","p":{"a":0,"k":[0,0],"ix":2},"a":{"a":0,"k":[0,0],"ix":1},"s":{"a":0,"k":[100,100],"ix":3},"r":{"a":0,"k":0,"ix":6},"o":{"a":0,"k":100,"ix":7},"sk":{"a":0,"k":0,"ix":4},"sa":{"a":0,"k":0,"ix":5},"nm":"Transform"}],"nm":"Group 13","np":2,"cix":2,"bm":0,"ix":1,"mn":"ADBE Vector Group","hd":false}],"ip":0,"op":289,"st":0,"bm":0},{"ddd":0,"ind":37,"ty":4,"nm":"tree 2","parent":35,"sr":1,"ks":{"o":{"a":0,"k":100,"ix":11},"r":{"a":1,"k":[{"i":{"x":[0.667],"y":[1]},"o":{"x":[0.333],"y":[0]},"t":0,"s":[12]},{"t":72,"s":[0]}],"ix":10,"x":"var $bm_rt;\n$bm_rt = loopOut('pingpong');"},"p":{"a":0,"k":[0,-161,0],"ix":2},"a":{"a":0,"k":[0,-192,0],"ix":1},"s":{"a":1,"k":[{"i":{"x":[0.667,0.667,0.667],"y":[1,1,1]},"o":{"x":[0.333,0.333,0.333],"y":[0,0,0]},"t":295,"s":[100,100,100]},{"t":301,"s":[0,0,100]}],"ix":6}},"ao":0,"shapes":[{"ty":"gr","it":[{"ind":0,"ty":"sh","ix":1,"ks":{"a":0,"k":{"i":[[0,-32.99],[0,0],[0,32.99],[0,0]],"o":[[0,0],[-32.99,0],[0,0],[32.99,0]],"v":[[0,-192],[-17.067,-192],[-76.8,-251.733],[-59.733,-251.733]],"c":true},"ix":2},"nm":"Path 1","mn":"ADBE Vector Shape - Group","hd":false},{"ty":"fl","c":{"a":0,"k":[0.533333361149,0.701960802078,0.215686276555,1],"ix":4},"o":{"a":0,"k":100,"ix":5},"r":1,"bm":0,"nm":"Fill 1","mn":"ADBE Vector Graphic - Fill","hd":false},{"ty":"tr","p":{"a":0,"k":[0,0],"ix":2},"a":{"a":0,"k":[0,0],"ix":1},"s":{"a":0,"k":[100,100],"ix":3},"r":{"a":0,"k":0,"ix":6},"o":{"a":0,"k":100,"ix":7},"sk":{"a":0,"k":0,"ix":4},"sa":{"a":0,"k":0,"ix":5},"nm":"Transform"}],"nm":"Group 21","np":2,"cix":2,"bm":0,"ix":1,"mn":"ADBE Vector Group","hd":false}],"ip":0,"op":289,"st":0,"bm":0},{"ddd":0,"ind":38,"ty":4,"nm":"tree 3","parent":35,"sr":1,"ks":{"o":{"a":0,"k":100,"ix":11},"r":{"a":0,"k":0,"ix":10},"p":{"a":0,"k":[0,0,0],"ix":2},"a":{"a":0,"k":[0,-31,0],"ix":1},"s":{"a":1,"k":[{"i":{"x":[0.833,0.833,0.833],"y":[0.833,0.833,0.833]},"o":{"x":[0.167,0.167,0.167],"y":[0.167,0.167,0.167]},"t":305,"s":[100,100,100]},{"t":315,"s":[100,0,100]}],"ix":6}},"ao":0,"shapes":[{"ty":"gr","it":[{"ind":0,"ty":"sh","ix":1,"ks":{"a":0,"k":{"i":[[0,0],[0,0],[0,0],[0,0]],"o":[[0,0],[0,0],[0,0],[0,0]],"v":[[-8.533,-192],[8.534,-192],[8.534,-29.867],[-8.533,-29.867]],"c":true},"ix":2},"nm":"Path 1","mn":"ADBE Vector Shape - Group","hd":false},{"ty":"fl","c":{"a":0,"k":[0.419607847929,0.588235318661,0.164705887437,1],"ix":4},"o":{"a":0,"k":100,"ix":5},"r":1,"bm":0,"nm":"Fill 1","mn":"ADBE Vector Graphic - Fill","hd":false},{"ty":"tr","p":{"a":0,"k":[0,0],"ix":2},"a":{"a":0,"k":[0,0],"ix":1},"s":{"a":0,"k":[100,100],"ix":3},"r":{"a":0,"k":0,"ix":6},"o":{"a":0,"k":100,"ix":7},"sk":{"a":0,"k":0,"ix":4},"sa":{"a":0,"k":0,"ix":5},"nm":"Transform"}],"nm":"Group 22","np":2,"cix":2,"bm":0,"ix":1,"mn":"ADBE Vector Group","hd":false}],"ip":0,"op":289,"st":0,"bm":0},{"ddd":0,"ind":39,"ty":4,"nm":"tree 2 2","parent":35,"sr":1,"ks":{"o":{"a":0,"k":100,"ix":11},"r":{"a":1,"k":[{"i":{"x":[0.667],"y":[1]},"o":{"x":[0.333],"y":[0]},"t":1.5,"s":[12]},{"t":72,"s":[0]}],"ix":10,"x":"var $bm_rt;\n$bm_rt = loopOut('pingpong');"},"p":{"a":0,"k":[0,-161,0],"ix":2},"a":{"a":0,"k":[0,-192,0],"ix":1},"s":{"a":0,"k":[100,100,100],"ix":6}},"ao":0,"ef":[{"ty":5,"nm":"Elastic Controller Rotation","np":5,"mn":"Pseudo/MDS Elastic Controller","ix":1,"en":1,"ef":[{"ty":0,"nm":"Amplitude","mn":"Pseudo/MDS Elastic Controller-0001","ix":1,"v":{"a":0,"k":20,"ix":1}},{"ty":0,"nm":"Frequency","mn":"Pseudo/MDS Elastic Controller-0002","ix":2,"v":{"a":0,"k":40,"ix":2}},{"ty":0,"nm":"Decay","mn":"Pseudo/MDS Elastic Controller-0003","ix":3,"v":{"a":0,"k":60,"ix":3}}]}],"shapes":[{"ty":"gr","it":[{"ty":"gr","it":[{"ind":0,"ty":"sh","ix":1,"ks":{"a":0,"k":{"i":[[0,32.99],[0,0],[0,-32.99],[0,0]],"o":[[0,0],[-32.99,0],[0,0],[32.99,0]],"v":[[76.8,-251.733],[59.733,-251.733],[0,-192],[17.067,-192]],"c":true},"ix":2},"nm":"Path 1","mn":"ADBE Vector Shape - Group","hd":false},{"ty":"fl","c":{"a":0,"k":[0.419607847929,0.588235318661,0.164705887437,1],"ix":4},"o":{"a":0,"k":100,"ix":5},"r":1,"bm":0,"nm":"Fill 1","mn":"ADBE Vector Graphic - Fill","hd":false},{"ty":"tr","p":{"a":0,"k":[0,0],"ix":2},"a":{"a":0,"k":[0,0],"ix":1},"s":{"a":0,"k":[100,100],"ix":3},"r":{"a":0,"k":0,"ix":6},"o":{"a":0,"k":100,"ix":7},"sk":{"a":0,"k":0,"ix":4},"sa":{"a":0,"k":0,"ix":5},"nm":"Transform"}],"nm":"Group 2","np":2,"cix":2,"bm":0,"ix":1,"mn":"ADBE Vector Group","hd":false},{"ty":"tr","p":{"a":0,"k":[0,0],"ix":2},"a":{"a":0,"k":[0,0],"ix":1},"s":{"a":0,"k":[100,100],"ix":3},"r":{"a":0,"k":0,"ix":6},"o":{"a":0,"k":100,"ix":7},"sk":{"a":0,"k":0,"ix":4},"sa":{"a":0,"k":0,"ix":5},"nm":"Transform"}],"nm":"Group 12","np":1,"cix":2,"bm":0,"ix":1,"mn":"ADBE Vector Group","hd":false}],"ip":0,"op":289,"st":0,"bm":0},{"ddd":0,"ind":40,"ty":4,"nm":"tree 4","parent":35,"sr":1,"ks":{"o":{"a":0,"k":100,"ix":11},"r":{"a":1,"k":[{"i":{"x":[0.667],"y":[1]},"o":{"x":[0.333],"y":[0]},"t":0,"s":[12]},{"t":72,"s":[0]}],"ix":10,"x":"var $bm_rt;\n$bm_rt = loopOut('pingpong');"},"p":{"a":0,"k":[0,-50.067,0],"ix":2},"a":{"a":0,"k":[0,-81.067,0],"ix":1},"s":{"a":1,"k":[{"i":{"x":[0.667,0.667,0.667],"y":[1,1,1]},"o":{"x":[0.333,0.333,0.333],"y":[0,0,0]},"t":305,"s":[100,100,100]},{"t":311,"s":[0,0,100]}],"ix":6}},"ao":0,"shapes":[{"ty":"gr","it":[{"ty":"gr","it":[{"ind":0,"ty":"sh","ix":1,"ks":{"a":0,"k":{"i":[[47.129,0],[0,0],[0,0],[0,0],[-47.129,0],[0,0],[0,0],[0,0]],"o":[[0,0],[0,0],[0,0],[0,-47.13],[0,0],[0,0],[0,0],[0,47.13]],"v":[[17.067,-81.067],[0,-81.067],[0,-81.067],[0,-81.067],[85.333,-166.4],[102.4,-166.4],[102.4,-166.4],[102.4,-166.4]],"c":true},"ix":2},"nm":"Path 1","mn":"ADBE Vector Shape - Group","hd":false},{"ty":"fl","c":{"a":0,"k":[0.419607847929,0.588235318661,0.164705887437,1],"ix":4},"o":{"a":0,"k":100,"ix":5},"r":1,"bm":0,"nm":"Fill 1","mn":"ADBE Vector Graphic - Fill","hd":false},{"ty":"tr","p":{"a":0,"k":[0,0],"ix":2},"a":{"a":0,"k":[0,0],"ix":1},"s":{"a":0,"k":[100,100],"ix":3},"r":{"a":0,"k":0,"ix":6},"o":{"a":0,"k":100,"ix":7},"sk":{"a":0,"k":0,"ix":4},"sa":{"a":0,"k":0,"ix":5},"nm":"Transform"}],"nm":"Group 1","np":2,"cix":2,"bm":0,"ix":1,"mn":"ADBE Vector Group","hd":false},{"ty":"tr","p":{"a":0,"k":[0,0],"ix":2},"a":{"a":0,"k":[0,0],"ix":1},"s":{"a":0,"k":[100,100],"ix":3},"r":{"a":0,"k":0,"ix":6},"o":{"a":0,"k":100,"ix":7},"sk":{"a":0,"k":0,"ix":4},"sa":{"a":0,"k":0,"ix":5},"nm":"Transform"}],"nm":"Group 12","np":1,"cix":2,"bm":0,"ix":1,"mn":"ADBE Vector Group","hd":false}],"ip":0,"op":289,"st":0,"bm":0},{"ddd":0,"ind":41,"ty":4,"nm":"Group 19","parent":34,"sr":1,"ks":{"o":{"a":0,"k":100,"ix":11},"r":{"a":0,"k":0,"ix":10,"x":"var $bm_rt;\n$bm_rt = $bm_mul(value, -1);"},"p":{"s":true,"x":{"a":0,"k":-10,"ix":3},"y":{"a":0,"k":17.625,"ix":4}},"a":{"a":0,"k":[-170.667,89.599,0],"ix":1},"s":{"a":0,"k":[100,100,100],"ix":6}},"ao":0,"ef":[{"ty":5,"nm":"4-Color Gradient","np":16,"mn":"ADBE 4ColorGradient","ix":1,"en":1,"ef":[{"ty":6,"nm":"Positions & Colors","mn":"ADBE 4ColorGradient-0011","ix":1,"v":0},{"ty":3,"nm":"Point 1","mn":"ADBE 4ColorGradient-0001","ix":2,"v":{"a":0,"k":[19,286],"ix":2}},{"ty":2,"nm":"Color 1","mn":"ADBE 4ColorGradient-0002","ix":3,"v":{"a":0,"k":[0.980377197266,0.784301757813,0.235290527344,1],"ix":3}},{"ty":3,"nm":"Point 2","mn":"ADBE 4ColorGradient-0003","ix":4,"v":{"a":0,"k":[58,286],"ix":4}},{"ty":2,"nm":"Color 2","mn":"ADBE 4ColorGradient-0004","ix":5,"v":{"a":0,"k":[0.896087646484,0.617645263672,0.145111083984,1],"ix":5}},{"ty":3,"nm":"Point 3","mn":"ADBE 4ColorGradient-0005","ix":6,"v":{"a":0,"k":[96,286],"ix":6}},{"ty":2,"nm":"Color 3","mn":"ADBE 4ColorGradient-0006","ix":7,"v":{"a":0,"k":[0.998046875,0.841186523438,0.281372070313,1],"ix":7}},{"ty":3,"nm":"Point 4","mn":"ADBE 4ColorGradient-0007","ix":8,"v":{"a":0,"k":[141,287],"ix":8}},{"ty":2,"nm":"Color 4","mn":"ADBE 4ColorGradient-0008","ix":9,"v":{"a":0,"k":[0.934326171875,0.674499511719,0.154907226563,1],"ix":9}},{"ty":6,"nm":"Color 4","mn":"ADBE 4ColorGradient-0012","ix":10,"v":0},{"ty":0,"nm":"Blend","mn":"ADBE 4ColorGradient-0009","ix":11,"v":{"a":0,"k":5,"ix":11}},{"ty":0,"nm":"Jitter","mn":"ADBE 4ColorGradient-0010","ix":12,"v":{"a":0,"k":0,"ix":12}},{"ty":0,"nm":"Opacity","mn":"ADBE 4ColorGradient-0013","ix":13,"v":{"a":0,"k":100,"ix":13}},{"ty":7,"nm":"Blending Mode","mn":"ADBE 4ColorGradient-0014","ix":14,"v":{"a":0,"k":7,"ix":14}}]}],"shapes":[{"ty":"gr","it":[{"ind":0,"ty":"sh","ix":1,"ks":{"a":0,"k":{"i":[[0,0],[0,0],[0,0],[0,0]],"o":[[0,0],[0,0],[0,0],[0,0]],"v":[[-230.4,72.533],[-110.933,72.533],[-110.933,106.666],[-230.4,106.666]],"c":true},"ix":2},"nm":"Path 1","mn":"ADBE Vector Shape - Group","hd":false},{"ty":"fl","c":{"a":0,"k":[0.992095947266,0.713684082031,0.184295654297,1],"ix":4},"o":{"a":0,"k":100,"ix":5},"r":1,"bm":0,"nm":"Fill 1","mn":"ADBE Vector Graphic - Fill","hd":false},{"ty":"tr","p":{"a":0,"k":[0,0],"ix":2},"a":{"a":0,"k":[0,0],"ix":1},"s":{"a":0,"k":[100,100],"ix":3},"r":{"a":0,"k":0,"ix":6},"o":{"a":0,"k":100,"ix":7},"sk":{"a":0,"k":0,"ix":4},"sa":{"a":0,"k":0,"ix":5},"nm":"Transform"}],"nm":"Group 11","np":2,"cix":2,"bm":0,"ix":1,"mn":"ADBE Vector Group","hd":false},{"ty":"rd","nm":"Round Corners 1","r":{"a":0,"k":5,"ix":1},"ix":2,"mn":"ADBE Vector Filter - RC","hd":false}],"ip":0,"op":289,"st":0,"bm":0},{"ddd":0,"ind":42,"ty":4,"nm":"Group 18","parent":34,"sr":1,"ks":{"o":{"a":0,"k":100,"ix":11},"r":{"a":0,"k":0,"ix":10},"p":{"s":true,"x":{"a":0,"k":20,"ix":3},"y":{"a":0,"k":50.875,"ix":4}},"a":{"a":0,"k":[-170.667,89.599,0],"ix":1},"s":{"a":0,"k":[100,100,100],"ix":6}},"ao":0,"ef":[{"ty":5,"nm":"4-Color Gradient","np":16,"mn":"ADBE 4ColorGradient","ix":1,"en":1,"ef":[{"ty":6,"nm":"Positions & Colors","mn":"ADBE 4ColorGradient-0011","ix":1,"v":0},{"ty":3,"nm":"Point 1","mn":"ADBE 4ColorGradient-0001","ix":2,"v":{"a":0,"k":[40,318],"ix":2}},{"ty":2,"nm":"Color 1","mn":"ADBE 4ColorGradient-0002","ix":3,"v":{"a":0,"k":[0.980377197266,0.784301757813,0.235290527344,1],"ix":3}},{"ty":3,"nm":"Point 2","mn":"ADBE 4ColorGradient-0003","ix":4,"v":{"a":0,"k":[90,313],"ix":4}},{"ty":2,"nm":"Color 2","mn":"ADBE 4ColorGradient-0004","ix":5,"v":{"a":0,"k":[0.896087646484,0.617645263672,0.145111083984,1],"ix":5}},{"ty":3,"nm":"Point 3","mn":"ADBE 4ColorGradient-0005","ix":6,"v":{"a":0,"k":[124,315],"ix":6}},{"ty":2,"nm":"Color 3","mn":"ADBE 4ColorGradient-0006","ix":7,"v":{"a":0,"k":[0.998046875,0.841186523438,0.281372070313,1],"ix":7}},{"ty":3,"nm":"Point 4","mn":"ADBE 4ColorGradient-0007","ix":8,"v":{"a":0,"k":[166,314],"ix":8}},{"ty":2,"nm":"Color 4","mn":"ADBE 4ColorGradient-0008","ix":9,"v":{"a":0,"k":[0.934326171875,0.674499511719,0.154907226563,1],"ix":9}},{"ty":6,"nm":"Color 4","mn":"ADBE 4ColorGradient-0012","ix":10,"v":0},{"ty":0,"nm":"Blend","mn":"ADBE 4ColorGradient-0009","ix":11,"v":{"a":0,"k":5,"ix":11}},{"ty":0,"nm":"Jitter","mn":"ADBE 4ColorGradient-0010","ix":12,"v":{"a":0,"k":0,"ix":12}},{"ty":0,"nm":"Opacity","mn":"ADBE 4ColorGradient-0013","ix":13,"v":{"a":0,"k":100,"ix":13}},{"ty":7,"nm":"Blending Mode","mn":"ADBE 4ColorGradient-0014","ix":14,"v":{"a":0,"k":7,"ix":14}}]}],"shapes":[{"ty":"gr","it":[{"ind":0,"ty":"sh","ix":1,"ks":{"a":0,"k":{"i":[[0,0],[0,0],[0,0],[0,0]],"o":[[0,0],[0,0],[0,0],[0,0]],"v":[[-230.4,72.533],[-110.933,72.533],[-110.933,106.666],[-230.4,106.666]],"c":true},"ix":2},"nm":"Path 1","mn":"ADBE Vector Shape - Group","hd":false},{"ty":"fl","c":{"a":0,"k":[1,0.658752441406,0.239196777344,1],"ix":4},"o":{"a":0,"k":100,"ix":5},"r":1,"bm":0,"nm":"Fill 1","mn":"ADBE Vector Graphic - Fill","hd":false},{"ty":"tr","p":{"a":0,"k":[0,0],"ix":2},"a":{"a":0,"k":[0,0],"ix":1},"s":{"a":0,"k":[100,100],"ix":3},"r":{"a":0,"k":0,"ix":6},"o":{"a":0,"k":100,"ix":7},"sk":{"a":0,"k":0,"ix":4},"sa":{"a":0,"k":0,"ix":5},"nm":"Transform"}],"nm":"Group 11","np":2,"cix":2,"bm":0,"ix":1,"mn":"ADBE Vector Group","hd":false},{"ty":"rd","nm":"Round Corners 1","r":{"a":0,"k":5,"ix":1},"ix":2,"mn":"ADBE Vector Filter - RC","hd":false}],"ip":0,"op":289,"st":0,"bm":0},{"ddd":0,"ind":43,"ty":4,"nm":"Group 17","parent":34,"sr":1,"ks":{"o":{"a":0,"k":100,"ix":11},"r":{"a":0,"k":0,"ix":10,"x":"var $bm_rt;\n$bm_rt = $bm_mul(value, -1);"},"p":{"s":true,"x":{"a":0,"k":2.75,"ix":3},"y":{"a":0,"k":84.625,"ix":4}},"a":{"a":0,"k":[-170.667,89.599,0],"ix":1},"s":{"a":0,"k":[100,100,100],"ix":6}},"ao":0,"ef":[{"ty":5,"nm":"4-Color Gradient","np":16,"mn":"ADBE 4ColorGradient","ix":1,"en":1,"ef":[{"ty":6,"nm":"Positions & Colors","mn":"ADBE 4ColorGradient-0011","ix":1,"v":0},{"ty":3,"nm":"Point 1","mn":"ADBE 4ColorGradient-0001","ix":2,"v":{"a":0,"k":[27,337],"ix":2}},{"ty":2,"nm":"Color 1","mn":"ADBE 4ColorGradient-0002","ix":3,"v":{"a":0,"k":[0.980377197266,0.784301757813,0.235290527344,1],"ix":3}},{"ty":3,"nm":"Point 2","mn":"ADBE 4ColorGradient-0003","ix":4,"v":{"a":0,"k":[61,337],"ix":4}},{"ty":2,"nm":"Color 2","mn":"ADBE 4ColorGradient-0004","ix":5,"v":{"a":0,"k":[0.896087646484,0.617645263672,0.145111083984,1],"ix":5}},{"ty":3,"nm":"Point 3","mn":"ADBE 4ColorGradient-0005","ix":6,"v":{"a":0,"k":[101,342],"ix":6}},{"ty":2,"nm":"Color 3","mn":"ADBE 4ColorGradient-0006","ix":7,"v":{"a":0,"k":[0.998046875,0.841186523438,0.281372070313,1],"ix":7}},{"ty":3,"nm":"Point 4","mn":"ADBE 4ColorGradient-0007","ix":8,"v":{"a":0,"k":[144,345],"ix":8}},{"ty":2,"nm":"Color 4","mn":"ADBE 4ColorGradient-0008","ix":9,"v":{"a":0,"k":[0.934326171875,0.674499511719,0.154907226563,1],"ix":9}},{"ty":6,"nm":"Color 4","mn":"ADBE 4ColorGradient-0012","ix":10,"v":0},{"ty":0,"nm":"Blend","mn":"ADBE 4ColorGradient-0009","ix":11,"v":{"a":0,"k":5,"ix":11}},{"ty":0,"nm":"Jitter","mn":"ADBE 4ColorGradient-0010","ix":12,"v":{"a":0,"k":0,"ix":12}},{"ty":0,"nm":"Opacity","mn":"ADBE 4ColorGradient-0013","ix":13,"v":{"a":0,"k":100,"ix":13}},{"ty":7,"nm":"Blending Mode","mn":"ADBE 4ColorGradient-0014","ix":14,"v":{"a":0,"k":7,"ix":14}}]}],"shapes":[{"ty":"gr","it":[{"ind":0,"ty":"sh","ix":1,"ks":{"a":0,"k":{"i":[[0,0],[0,0],[0,0],[0,0]],"o":[[0,0],[0,0],[0,0],[0,0]],"v":[[-230.4,72.533],[-110.933,72.533],[-110.933,106.666],[-230.4,106.666]],"c":true},"ix":2},"nm":"Path 1","mn":"ADBE Vector Shape - Group","hd":false},{"ty":"fl","c":{"a":0,"k":[0.992126464844,0.713714599609,0.184295654297,1],"ix":4},"o":{"a":0,"k":100,"ix":5},"r":1,"bm":0,"nm":"Fill 1","mn":"ADBE Vector Graphic - Fill","hd":false},{"ty":"tr","p":{"a":0,"k":[0,0],"ix":2},"a":{"a":0,"k":[0,0],"ix":1},"s":{"a":0,"k":[100,100],"ix":3},"r":{"a":0,"k":0,"ix":6},"o":{"a":0,"k":100,"ix":7},"sk":{"a":0,"k":0,"ix":4},"sa":{"a":0,"k":0,"ix":5},"nm":"Transform"}],"nm":"Group 11","np":2,"cix":2,"bm":0,"ix":1,"mn":"ADBE Vector Group","hd":false},{"ty":"rd","nm":"Round Corners 1","r":{"a":0,"k":5,"ix":1},"ix":2,"mn":"ADBE Vector Filter - RC","hd":false}],"ip":0,"op":289,"st":0,"bm":0},{"ddd":0,"ind":44,"ty":4,"nm":"Group 16","parent":34,"sr":1,"ks":{"o":{"a":0,"k":100,"ix":11},"r":{"a":0,"k":0,"ix":10},"p":{"s":true,"x":{"a":0,"k":7.25,"ix":3},"y":{"a":0,"k":118.875,"ix":4}},"a":{"a":0,"k":[-170.667,89.599,0],"ix":1},"s":{"a":0,"k":[100,100,100],"ix":6}},"ao":0,"ef":[{"ty":5,"nm":"4-Color Gradient","np":16,"mn":"ADBE 4ColorGradient","ix":1,"en":1,"ef":[{"ty":6,"nm":"Positions & Colors","mn":"ADBE 4ColorGradient-0011","ix":1,"v":0},{"ty":3,"nm":"Point 1","mn":"ADBE 4ColorGradient-0001","ix":2,"v":{"a":0,"k":[57,348],"ix":2}},{"ty":2,"nm":"Color 1","mn":"ADBE 4ColorGradient-0002","ix":3,"v":{"a":0,"k":[0.980377197266,0.784301757813,0.235290527344,1],"ix":3}},{"ty":3,"nm":"Point 2","mn":"ADBE 4ColorGradient-0003","ix":4,"v":{"a":0,"k":[100,350],"ix":4}},{"ty":2,"nm":"Color 2","mn":"ADBE 4ColorGradient-0004","ix":5,"v":{"a":0,"k":[0.896087646484,0.617645263672,0.145111083984,1],"ix":5}},{"ty":3,"nm":"Point 3","mn":"ADBE 4ColorGradient-0005","ix":6,"v":{"a":0,"k":[144,345],"ix":6}},{"ty":2,"nm":"Color 3","mn":"ADBE 4ColorGradient-0006","ix":7,"v":{"a":0,"k":[0.998046875,0.841186523438,0.281372070313,1],"ix":7}},{"ty":3,"nm":"Point 4","mn":"ADBE 4ColorGradient-0007","ix":8,"v":{"a":0,"k":[186,354],"ix":8}},{"ty":2,"nm":"Color 4","mn":"ADBE 4ColorGradient-0008","ix":9,"v":{"a":0,"k":[0.934326171875,0.674499511719,0.154907226563,1],"ix":9}},{"ty":6,"nm":"Color 4","mn":"ADBE 4ColorGradient-0012","ix":10,"v":0},{"ty":0,"nm":"Blend","mn":"ADBE 4ColorGradient-0009","ix":11,"v":{"a":0,"k":5,"ix":11}},{"ty":0,"nm":"Jitter","mn":"ADBE 4ColorGradient-0010","ix":12,"v":{"a":0,"k":0,"ix":12}},{"ty":0,"nm":"Opacity","mn":"ADBE 4ColorGradient-0013","ix":13,"v":{"a":0,"k":100,"ix":13}},{"ty":7,"nm":"Blending Mode","mn":"ADBE 4ColorGradient-0014","ix":14,"v":{"a":0,"k":7,"ix":14}}]}],"shapes":[{"ty":"gr","it":[{"ind":0,"ty":"sh","ix":1,"ks":{"a":0,"k":{"i":[[0,0],[0,0],[0,0],[0,0]],"o":[[0,0],[0,0],[0,0],[0,0]],"v":[[-230.4,72.533],[-110.933,72.533],[-110.933,106.666],[-230.4,106.666]],"c":true},"ix":2},"nm":"Path 1","mn":"ADBE Vector Shape - Group","hd":false},{"ty":"fl","c":{"a":0,"k":[1,0.658782958984,0.239196777344,1],"ix":4},"o":{"a":0,"k":100,"ix":5},"r":1,"bm":0,"nm":"Fill 1","mn":"ADBE Vector Graphic - Fill","hd":false},{"ty":"tr","p":{"a":0,"k":[0,0],"ix":2},"a":{"a":0,"k":[0,0],"ix":1},"s":{"a":0,"k":[100,100],"ix":3},"r":{"a":0,"k":0,"ix":6},"o":{"a":0,"k":100,"ix":7},"sk":{"a":0,"k":0,"ix":4},"sa":{"a":0,"k":0,"ix":5},"nm":"Transform"}],"nm":"Group 11","np":2,"cix":2,"bm":0,"ix":1,"mn":"ADBE Vector Group","hd":false},{"ty":"rd","nm":"Round Corners 1","r":{"a":0,"k":5,"ix":1},"ix":2,"mn":"ADBE Vector Filter - RC","hd":false}],"ip":0,"op":289,"st":0,"bm":0},{"ddd":0,"ind":45,"ty":4,"nm":"Group 13","parent":34,"sr":1,"ks":{"o":{"a":0,"k":100,"ix":11},"r":{"a":0,"k":0,"ix":10,"x":"var $bm_rt;\n$bm_rt = $bm_mul(value, -1);"},"p":{"s":true,"x":{"a":0,"k":-10,"ix":3},"y":{"a":0,"k":151.625,"ix":4}},"a":{"a":0,"k":[-170.667,89.599,0],"ix":1},"s":{"a":0,"k":[100,100,100],"ix":6}},"ao":0,"ef":[{"ty":5,"nm":"4-Color Gradient","np":16,"mn":"ADBE 4ColorGradient","ix":1,"en":1,"ef":[{"ty":6,"nm":"Positions & Colors","mn":"ADBE 4ColorGradient-0011","ix":1,"v":0},{"ty":3,"nm":"Point 1","mn":"ADBE 4ColorGradient-0001","ix":2,"v":{"a":0,"k":[23.5,403.5],"ix":2}},{"ty":2,"nm":"Color 1","mn":"ADBE 4ColorGradient-0002","ix":3,"v":{"a":0,"k":[0.980377197266,0.784301757813,0.235290527344,1],"ix":3}},{"ty":3,"nm":"Point 2","mn":"ADBE 4ColorGradient-0003","ix":4,"v":{"a":0,"k":[55.5,400],"ix":4}},{"ty":2,"nm":"Color 2","mn":"ADBE 4ColorGradient-0004","ix":5,"v":{"a":0,"k":[0.896087646484,0.617645263672,0.145111083984,1],"ix":5}},{"ty":3,"nm":"Point 3","mn":"ADBE 4ColorGradient-0005","ix":6,"v":{"a":0,"k":[102.5,399.5],"ix":6}},{"ty":2,"nm":"Color 3","mn":"ADBE 4ColorGradient-0006","ix":7,"v":{"a":0,"k":[0.998046875,0.841186523438,0.281372070313,1],"ix":7}},{"ty":3,"nm":"Point 4","mn":"ADBE 4ColorGradient-0007","ix":8,"v":{"a":0,"k":[142,400],"ix":8}},{"ty":2,"nm":"Color 4","mn":"ADBE 4ColorGradient-0008","ix":9,"v":{"a":0,"k":[0.934326171875,0.674499511719,0.154907226563,1],"ix":9}},{"ty":6,"nm":"Color 4","mn":"ADBE 4ColorGradient-0012","ix":10,"v":0},{"ty":0,"nm":"Blend","mn":"ADBE 4ColorGradient-0009","ix":11,"v":{"a":0,"k":5,"ix":11}},{"ty":0,"nm":"Jitter","mn":"ADBE 4ColorGradient-0010","ix":12,"v":{"a":0,"k":0,"ix":12}},{"ty":0,"nm":"Opacity","mn":"ADBE 4ColorGradient-0013","ix":13,"v":{"a":0,"k":100,"ix":13}},{"ty":7,"nm":"Blending Mode","mn":"ADBE 4ColorGradient-0014","ix":14,"v":{"a":0,"k":7,"ix":14}}]}],"shapes":[{"ty":"gr","it":[{"ind":0,"ty":"sh","ix":1,"ks":{"a":0,"k":{"i":[[0,0],[0,0],[0,0],[0,0]],"o":[[0,0],[0,0],[0,0],[0,0]],"v":[[-230.4,72.533],[-110.933,72.533],[-110.933,106.666],[-230.4,106.666]],"c":true},"ix":2},"nm":"Path 1","mn":"ADBE Vector Shape - Group","hd":false},{"ty":"fl","c":{"a":0,"k":[0.992126464844,0.713714599609,0.184295654297,1],"ix":4},"o":{"a":0,"k":100,"ix":5},"r":1,"bm":0,"nm":"Fill 1","mn":"ADBE Vector Graphic - Fill","hd":false},{"ty":"tr","p":{"a":0,"k":[0,0],"ix":2},"a":{"a":0,"k":[0,0],"ix":1},"s":{"a":0,"k":[100,100],"ix":3},"r":{"a":0,"k":0,"ix":6},"o":{"a":0,"k":100,"ix":7},"sk":{"a":0,"k":0,"ix":4},"sa":{"a":0,"k":0,"ix":5},"nm":"Transform"}],"nm":"Group 11","np":2,"cix":2,"bm":0,"ix":1,"mn":"ADBE Vector Group","hd":false},{"ty":"rd","nm":"Round Corners 1","r":{"a":0,"k":5,"ix":1},"ix":2,"mn":"ADBE Vector Filter - RC","hd":false}],"ip":0,"op":289,"st":0,"bm":0},{"ddd":0,"ind":46,"ty":4,"nm":"Group 14","parent":34,"sr":1,"ks":{"o":{"a":0,"k":100,"ix":11},"r":{"a":0,"k":0,"ix":10},"p":{"s":true,"x":{"a":0,"k":20,"ix":3},"y":{"a":0,"k":184.875,"ix":4}},"a":{"a":0,"k":[-170.667,89.599,0],"ix":1},"s":{"a":0,"k":[100,100,100],"ix":6}},"ao":0,"ef":[{"ty":5,"nm":"4-Color Gradient","np":16,"mn":"ADBE 4ColorGradient","ix":1,"en":1,"ef":[{"ty":6,"nm":"Positions & Colors","mn":"ADBE 4ColorGradient-0011","ix":1,"v":0},{"ty":3,"nm":"Point 1","mn":"ADBE 4ColorGradient-0001","ix":2,"v":{"a":0,"k":[49,427],"ix":2}},{"ty":2,"nm":"Color 1","mn":"ADBE 4ColorGradient-0002","ix":3,"v":{"a":0,"k":[0.980377197266,0.784301757813,0.235290527344,1],"ix":3}},{"ty":3,"nm":"Point 2","mn":"ADBE 4ColorGradient-0003","ix":4,"v":{"a":0,"k":[83,428],"ix":4}},{"ty":2,"nm":"Color 2","mn":"ADBE 4ColorGradient-0004","ix":5,"v":{"a":0,"k":[0.896087646484,0.617645263672,0.145111083984,1],"ix":5}},{"ty":3,"nm":"Point 3","mn":"ADBE 4ColorGradient-0005","ix":6,"v":{"a":0,"k":[122,430],"ix":6}},{"ty":2,"nm":"Color 3","mn":"ADBE 4ColorGradient-0006","ix":7,"v":{"a":0,"k":[0.998046875,0.841186523438,0.281372070313,1],"ix":7}},{"ty":3,"nm":"Point 4","mn":"ADBE 4ColorGradient-0007","ix":8,"v":{"a":0,"k":[157,430],"ix":8}},{"ty":2,"nm":"Color 4","mn":"ADBE 4ColorGradient-0008","ix":9,"v":{"a":0,"k":[0.934326171875,0.674499511719,0.154907226563,1],"ix":9}},{"ty":6,"nm":"Color 4","mn":"ADBE 4ColorGradient-0012","ix":10,"v":0},{"ty":0,"nm":"Blend","mn":"ADBE 4ColorGradient-0009","ix":11,"v":{"a":0,"k":5,"ix":11}},{"ty":0,"nm":"Jitter","mn":"ADBE 4ColorGradient-0010","ix":12,"v":{"a":0,"k":0,"ix":12}},{"ty":0,"nm":"Opacity","mn":"ADBE 4ColorGradient-0013","ix":13,"v":{"a":0,"k":100,"ix":13}},{"ty":7,"nm":"Blending Mode","mn":"ADBE 4ColorGradient-0014","ix":14,"v":{"a":0,"k":7,"ix":14}}]}],"shapes":[{"ty":"gr","it":[{"ind":0,"ty":"sh","ix":1,"ks":{"a":0,"k":{"i":[[0,0],[0,0],[0,0],[0,0]],"o":[[0,0],[0,0],[0,0],[0,0]],"v":[[-230.4,72.533],[-110.933,72.533],[-110.933,106.666],[-230.4,106.666]],"c":true},"ix":2},"nm":"Path 1","mn":"ADBE Vector Shape - Group","hd":false},{"ty":"fl","c":{"a":0,"k":[1,0.658782958984,0.239196777344,1],"ix":4},"o":{"a":0,"k":100,"ix":5},"r":1,"bm":0,"nm":"Fill 1","mn":"ADBE Vector Graphic - Fill","hd":false},{"ty":"tr","p":{"a":0,"k":[0,0],"ix":2},"a":{"a":0,"k":[0,0],"ix":1},"s":{"a":0,"k":[100,100],"ix":3},"r":{"a":0,"k":0,"ix":6},"o":{"a":0,"k":100,"ix":7},"sk":{"a":0,"k":0,"ix":4},"sa":{"a":0,"k":0,"ix":5},"nm":"Transform"}],"nm":"Group 11","np":2,"cix":2,"bm":0,"ix":1,"mn":"ADBE Vector Group","hd":false},{"ty":"rd","nm":"Round Corners 1","r":{"a":0,"k":5,"ix":1},"ix":2,"mn":"ADBE Vector Filter - RC","hd":false}],"ip":0,"op":289,"st":0,"bm":0},{"ddd":0,"ind":47,"ty":4,"nm":"Group 15","parent":34,"sr":1,"ks":{"o":{"a":0,"k":100,"ix":11},"r":{"a":0,"k":0,"ix":10,"x":"var $bm_rt;\n$bm_rt = $bm_mul(value, -1);"},"p":{"s":true,"x":{"a":0,"k":-10,"ix":3},"y":{"a":0,"k":217.375,"ix":4}},"a":{"a":0,"k":[-170.667,89.599,0],"ix":1},"s":{"a":0,"k":[100,100,100],"ix":6}},"ao":0,"ef":[{"ty":5,"nm":"4-Color Gradient","np":16,"mn":"ADBE 4ColorGradient","ix":1,"en":1,"ef":[{"ty":6,"nm":"Positions & Colors","mn":"ADBE 4ColorGradient-0011","ix":1,"v":0},{"ty":3,"nm":"Point 1","mn":"ADBE 4ColorGradient-0001","ix":2,"v":{"a":0,"k":[19,458],"ix":2}},{"ty":2,"nm":"Color 1","mn":"ADBE 4ColorGradient-0002","ix":3,"v":{"a":0,"k":[0.980377197266,0.784301757813,0.235290527344,1],"ix":3}},{"ty":3,"nm":"Point 2","mn":"ADBE 4ColorGradient-0003","ix":4,"v":{"a":0,"k":[53,455],"ix":4}},{"ty":2,"nm":"Color 2","mn":"ADBE 4ColorGradient-0004","ix":5,"v":{"a":0,"k":[0.896087646484,0.617645263672,0.145111083984,1],"ix":5}},{"ty":3,"nm":"Point 3","mn":"ADBE 4ColorGradient-0005","ix":6,"v":{"a":0,"k":[97,454],"ix":6}},{"ty":2,"nm":"Color 3","mn":"ADBE 4ColorGradient-0006","ix":7,"v":{"a":0,"k":[0.998046875,0.841186523438,0.281372070313,1],"ix":7}},{"ty":3,"nm":"Point 4","mn":"ADBE 4ColorGradient-0007","ix":8,"v":{"a":0,"k":[143,456],"ix":8}},{"ty":2,"nm":"Color 4","mn":"ADBE 4ColorGradient-0008","ix":9,"v":{"a":0,"k":[0.934326171875,0.674499511719,0.154907226563,1],"ix":9}},{"ty":6,"nm":"Color 4","mn":"ADBE 4ColorGradient-0012","ix":10,"v":0},{"ty":0,"nm":"Blend","mn":"ADBE 4ColorGradient-0009","ix":11,"v":{"a":0,"k":5,"ix":11}},{"ty":0,"nm":"Jitter","mn":"ADBE 4ColorGradient-0010","ix":12,"v":{"a":0,"k":0,"ix":12}},{"ty":0,"nm":"Opacity","mn":"ADBE 4ColorGradient-0013","ix":13,"v":{"a":0,"k":100,"ix":13}},{"ty":7,"nm":"Blending Mode","mn":"ADBE 4ColorGradient-0014","ix":14,"v":{"a":0,"k":7,"ix":14}}]}],"shapes":[{"ty":"gr","it":[{"ind":0,"ty":"sh","ix":1,"ks":{"a":0,"k":{"i":[[0,0],[0,0],[0,0],[0,0]],"o":[[0,0],[0,0],[0,0],[0,0]],"v":[[-230.4,72.533],[-110.933,72.533],[-110.933,106.666],[-230.4,106.666]],"c":true},"ix":2},"nm":"Path 1","mn":"ADBE Vector Shape - Group","hd":false},{"ty":"fl","c":{"a":0,"k":[0.992126464844,0.713714599609,0.184295654297,1],"ix":4},"o":{"a":0,"k":100,"ix":5},"r":1,"bm":0,"nm":"Fill 1","mn":"ADBE Vector Graphic - Fill","hd":false},{"ty":"tr","p":{"a":0,"k":[0,0],"ix":2},"a":{"a":0,"k":[0,0],"ix":1},"s":{"a":0,"k":[100,100],"ix":3},"r":{"a":0,"k":0,"ix":6},"o":{"a":0,"k":100,"ix":7},"sk":{"a":0,"k":0,"ix":4},"sa":{"a":0,"k":0,"ix":5},"nm":"Transform"}],"nm":"Group 11","np":2,"cix":2,"bm":0,"ix":1,"mn":"ADBE Vector Group","hd":false},{"ty":"rd","nm":"Round Corners 1","r":{"a":0,"k":5,"ix":1},"ix":2,"mn":"ADBE Vector Filter - RC","hd":false}],"ip":0,"op":289,"st":0,"bm":0},{"ddd":0,"ind":48,"ty":4,"nm":"Group 12","parent":34,"sr":1,"ks":{"o":{"a":0,"k":100,"ix":11},"r":{"a":0,"k":0,"ix":10},"p":{"s":true,"x":{"a":0,"k":20,"ix":3},"y":{"a":0,"k":251.375,"ix":4}},"a":{"a":0,"k":[-170.667,89.599,0],"ix":1},"s":{"a":0,"k":[100,100,100],"ix":6}},"ao":0,"ef":[{"ty":5,"nm":"4-Color Gradient","np":16,"mn":"ADBE 4ColorGradient","ix":1,"en":1,"ef":[{"ty":6,"nm":"Positions & Colors","mn":"ADBE 4ColorGradient-0011","ix":1,"v":0},{"ty":3,"nm":"Point 1","mn":"ADBE 4ColorGradient-0001","ix":2,"v":{"a":0,"k":[53,487],"ix":2}},{"ty":2,"nm":"Color 1","mn":"ADBE 4ColorGradient-0002","ix":3,"v":{"a":0,"k":[0.980377197266,0.784301757813,0.235290527344,1],"ix":3}},{"ty":3,"nm":"Point 2","mn":"ADBE 4ColorGradient-0003","ix":4,"v":{"a":0,"k":[83,483],"ix":4}},{"ty":2,"nm":"Color 2","mn":"ADBE 4ColorGradient-0004","ix":5,"v":{"a":0,"k":[0.896087646484,0.617645263672,0.145111083984,1],"ix":5}},{"ty":3,"nm":"Point 3","mn":"ADBE 4ColorGradient-0005","ix":6,"v":{"a":0,"k":[122,485],"ix":6}},{"ty":2,"nm":"Color 3","mn":"ADBE 4ColorGradient-0006","ix":7,"v":{"a":0,"k":[0.998046875,0.841186523438,0.281372070313,1],"ix":7}},{"ty":3,"nm":"Point 4","mn":"ADBE 4ColorGradient-0007","ix":8,"v":{"a":0,"k":[163,485],"ix":8}},{"ty":2,"nm":"Color 4","mn":"ADBE 4ColorGradient-0008","ix":9,"v":{"a":0,"k":[0.934326171875,0.674499511719,0.154907226563,1],"ix":9}},{"ty":6,"nm":"Color 4","mn":"ADBE 4ColorGradient-0012","ix":10,"v":0},{"ty":0,"nm":"Blend","mn":"ADBE 4ColorGradient-0009","ix":11,"v":{"a":0,"k":5,"ix":11}},{"ty":0,"nm":"Jitter","mn":"ADBE 4ColorGradient-0010","ix":12,"v":{"a":0,"k":0,"ix":12}},{"ty":0,"nm":"Opacity","mn":"ADBE 4ColorGradient-0013","ix":13,"v":{"a":0,"k":100,"ix":13}},{"ty":7,"nm":"Blending Mode","mn":"ADBE 4ColorGradient-0014","ix":14,"v":{"a":0,"k":7,"ix":14}}]}],"shapes":[{"ty":"gr","it":[{"ind":0,"ty":"sh","ix":1,"ks":{"a":0,"k":{"i":[[0,0],[0,0],[0,0],[0,0]],"o":[[0,0],[0,0],[0,0],[0,0]],"v":[[-230.4,72.533],[-110.933,72.533],[-110.933,106.666],[-230.4,106.666]],"c":true},"ix":2},"nm":"Path 1","mn":"ADBE Vector Shape - Group","hd":false},{"ty":"fl","c":{"a":0,"k":[1,0.658782958984,0.239196777344,1],"ix":4},"o":{"a":0,"k":100,"ix":5},"r":1,"bm":0,"nm":"Fill 1","mn":"ADBE Vector Graphic - Fill","hd":false},{"ty":"tr","p":{"a":0,"k":[0,0],"ix":2},"a":{"a":0,"k":[0,0],"ix":1},"s":{"a":0,"k":[100,100],"ix":3},"r":{"a":0,"k":0,"ix":6},"o":{"a":0,"k":100,"ix":7},"sk":{"a":0,"k":0,"ix":4},"sa":{"a":0,"k":0,"ix":5},"nm":"Transform"}],"nm":"Group 11","np":2,"cix":2,"bm":0,"ix":1,"mn":"ADBE Vector Group","hd":false},{"ty":"rd","nm":"Round Corners 1","r":{"a":0,"k":5,"ix":1},"ix":2,"mn":"ADBE Vector Filter - RC","hd":false}],"ip":0,"op":289,"st":0,"bm":0}],"markers":[]}