{"v":"5.5.8","fr":24,"ip":0,"op":217,"w":500,"h":500,"nm":"plant","ddd":0,"assets":[],"layers":[{"ddd":0,"ind":1,"ty":3,"nm":"Null 3","parent":23,"sr":1,"ks":{"o":{"a":0,"k":0,"ix":11},"r":{"a":0,"k":0,"ix":10},"p":{"a":0,"k":[-160.667,71.974,0],"ix":2},"a":{"a":0,"k":[0,0,0],"ix":1},"s":{"a":0,"k":[100,100,100],"ix":6}},"ao":0,"ip":92,"op":456,"st":92,"bm":0},{"ddd":0,"ind":2,"ty":4,"nm":"tree","parent":1,"sr":1,"ks":{"o":{"a":0,"k":100,"ix":11},"r":{"a":1,"k":[{"i":{"x":[0.833],"y":[0.833]},"o":{"x":[0.167],"y":[0.167]},"t":95,"s":[54]},{"i":{"x":[0.833],"y":[0.833]},"o":{"x":[0.167],"y":[0.167]},"t":101,"s":[0]},{"i":{"x":[0.833],"y":[0.833]},"o":{"x":[0.167],"y":[0.167]},"t":188,"s":[0]},{"t":194,"s":[54]}],"ix":10,"x":"var $bm_rt;\nvar amp, freq, decay, n, n, t, t, v;\ntry {\n    amp = $bm_div(effect('Elastic Controller Rotation')(1), 200);\n    freq = $bm_div(effect('Elastic Controller Rotation')(2), 30);\n    decay = $bm_div(effect('Elastic Controller Rotation')(3), 10);\n    $bm_rt = n = 0;\n    if (numKeys > 0) {\n        $bm_rt = n = nearestKey(time).index;\n        if (key(n).time > time) {\n            n--;\n        }\n    }\n    if (n == 0) {\n        $bm_rt = t = 0;\n    } else {\n        $bm_rt = t = $bm_sub(time, key(n).time);\n    }\n    if (n > 0) {\n        v = velocityAtTime($bm_sub(key(n).time, $bm_div(thisComp.frameDuration, 10)));\n        $bm_rt = $bm_sum(value, $bm_div($bm_mul($bm_mul(v, amp), Math.sin($bm_mul($bm_mul($bm_mul(freq, t), 2), Math.PI))), Math.exp($bm_mul(decay, t))));\n    } else {\n        $bm_rt = value;\n    }\n} catch (e$$4) {\n    $bm_rt = value = value;\n}"},"p":{"a":0,"k":[0,-50.067,0],"ix":2},"a":{"a":0,"k":[0,-81.067,0],"ix":1},"s":{"a":1,"k":[{"i":{"x":[0.667,0.667,0.667],"y":[1,1,1]},"o":{"x":[0.333,0.333,0.333],"y":[0,0,0]},"t":95,"s":[0,0,100]},{"i":{"x":[0.667,0.667,0.667],"y":[1,1,1]},"o":{"x":[0.167,0.167,0.167],"y":[0,0,0]},"t":101,"s":[100,100,100]},{"i":{"x":[0.667,0.667,0.667],"y":[1,1,1]},"o":{"x":[0.333,0.333,0.333],"y":[0,0,0]},"t":188,"s":[100,100,100]},{"t":194,"s":[0,0,100]}],"ix":6}},"ao":0,"ef":[{"ty":5,"nm":"Elastic Controller Rotation","np":5,"mn":"Pseudo/MDS Elastic Controller","ix":1,"en":1,"ef":[{"ty":0,"nm":"Amplitude","mn":"Pseudo/MDS Elastic Controller-0001","ix":1,"v":{"a":0,"k":20,"ix":1}},{"ty":0,"nm":"Frequency","mn":"Pseudo/MDS Elastic Controller-0002","ix":2,"v":{"a":0,"k":40,"ix":2}},{"ty":0,"nm":"Decay","mn":"Pseudo/MDS Elastic Controller-0003","ix":3,"v":{"a":0,"k":60,"ix":3}}]}],"shapes":[{"ty":"gr","it":[{"ind":0,"ty":"sh","ix":1,"ks":{"a":0,"k":{"i":[[0,0],[0,0],[0,-47.129],[0,0],[0,0],[0,0],[0,47.13],[0,0]],"o":[[0,0],[47.13,0],[0,0],[0,0],[0,0],[-47.129,0],[0,0],[0,0]],"v":[[-102.4,-166.4],[-85.333,-166.4],[0,-81.067],[0,-81.067],[0,-81.067],[-17.067,-81.067],[-102.4,-166.4],[-102.4,-166.4]],"c":true},"ix":2},"nm":"Path 1","mn":"ADBE Vector Shape - Group","hd":false},{"ty":"fl","c":{"a":0,"k":[0.533333361149,0.701960802078,0.215686276555,1],"ix":4},"o":{"a":0,"k":100,"ix":5},"r":1,"bm":0,"nm":"Fill 1","mn":"ADBE Vector Graphic - Fill","hd":false},{"ty":"tr","p":{"a":0,"k":[0,0],"ix":2},"a":{"a":0,"k":[0,0],"ix":1},"s":{"a":0,"k":[100,100],"ix":3},"r":{"a":0,"k":0,"ix":6},"o":{"a":0,"k":100,"ix":7},"sk":{"a":0,"k":0,"ix":4},"sa":{"a":0,"k":0,"ix":5},"nm":"Transform"}],"nm":"Group 13","np":2,"cix":2,"bm":0,"ix":1,"mn":"ADBE Vector Group","hd":false}],"ip":88,"op":452,"st":88,"bm":0},{"ddd":0,"ind":3,"ty":4,"nm":"tree 2","parent":1,"sr":1,"ks":{"o":{"a":0,"k":100,"ix":11},"r":{"a":1,"k":[{"i":{"x":[0.833],"y":[0.833]},"o":{"x":[0.167],"y":[0.167]},"t":102,"s":[57]},{"i":{"x":[0.833],"y":[0.833]},"o":{"x":[0.167],"y":[0.167]},"t":108,"s":[0]},{"i":{"x":[0.833],"y":[0.833]},"o":{"x":[0.167],"y":[0.167]},"t":180,"s":[0]},{"t":186,"s":[57]}],"ix":10,"x":"var $bm_rt;\nvar amp, freq, decay, n, n, t, t, v;\ntry {\n    amp = $bm_div(effect('Elastic Controller Rotation')(1), 200);\n    freq = $bm_div(effect('Elastic Controller Rotation')(2), 30);\n    decay = $bm_div(effect('Elastic Controller Rotation')(3), 10);\n    $bm_rt = n = 0;\n    if (numKeys > 0) {\n        $bm_rt = n = nearestKey(time).index;\n        if (key(n).time > time) {\n            n--;\n        }\n    }\n    if (n == 0) {\n        $bm_rt = t = 0;\n    } else {\n        $bm_rt = t = $bm_sub(time, key(n).time);\n    }\n    if (n > 0) {\n        v = velocityAtTime($bm_sub(key(n).time, $bm_div(thisComp.frameDuration, 10)));\n        $bm_rt = $bm_sum(value, $bm_div($bm_mul($bm_mul(v, amp), Math.sin($bm_mul($bm_mul($bm_mul(freq, t), 2), Math.PI))), Math.exp($bm_mul(decay, t))));\n    } else {\n        $bm_rt = value;\n    }\n} catch (e$$4) {\n    $bm_rt = value = value;\n}"},"p":{"a":0,"k":[0,-161,0],"ix":2},"a":{"a":0,"k":[0,-192,0],"ix":1},"s":{"a":1,"k":[{"i":{"x":[0.667,0.667,0.667],"y":[1,1,1]},"o":{"x":[0.333,0.333,0.333],"y":[0,0,0]},"t":102,"s":[0,0,100]},{"i":{"x":[0.667,0.667,0.667],"y":[1,1,1]},"o":{"x":[0.167,0.167,0.167],"y":[0,0,0]},"t":108,"s":[100,100,100]},{"i":{"x":[0.667,0.667,0.667],"y":[1,1,1]},"o":{"x":[0.333,0.333,0.333],"y":[0,0,0]},"t":180,"s":[100,100,100]},{"t":186,"s":[0,0,100]}],"ix":6}},"ao":0,"ef":[{"ty":5,"nm":"Elastic Controller Rotation","np":5,"mn":"Pseudo/MDS Elastic Controller","ix":1,"en":1,"ef":[{"ty":0,"nm":"Amplitude","mn":"Pseudo/MDS Elastic Controller-0001","ix":1,"v":{"a":0,"k":20,"ix":1}},{"ty":0,"nm":"Frequency","mn":"Pseudo/MDS Elastic Controller-0002","ix":2,"v":{"a":0,"k":40,"ix":2}},{"ty":0,"nm":"Decay","mn":"Pseudo/MDS Elastic Controller-0003","ix":3,"v":{"a":0,"k":60,"ix":3}}]}],"shapes":[{"ty":"gr","it":[{"ind":0,"ty":"sh","ix":1,"ks":{"a":0,"k":{"i":[[0,-32.99],[0,0],[0,32.99],[0,0]],"o":[[0,0],[-32.99,0],[0,0],[32.99,0]],"v":[[0,-192],[-17.067,-192],[-76.8,-251.733],[-59.733,-251.733]],"c":true},"ix":2},"nm":"Path 1","mn":"ADBE Vector Shape - Group","hd":false},{"ty":"fl","c":{"a":0,"k":[0.533333361149,0.701960802078,0.215686276555,1],"ix":4},"o":{"a":0,"k":100,"ix":5},"r":1,"bm":0,"nm":"Fill 1","mn":"ADBE Vector Graphic - Fill","hd":false},{"ty":"tr","p":{"a":0,"k":[0,0],"ix":2},"a":{"a":0,"k":[0,0],"ix":1},"s":{"a":0,"k":[100,100],"ix":3},"r":{"a":0,"k":0,"ix":6},"o":{"a":0,"k":100,"ix":7},"sk":{"a":0,"k":0,"ix":4},"sa":{"a":0,"k":0,"ix":5},"nm":"Transform"}],"nm":"Group 21","np":2,"cix":2,"bm":0,"ix":1,"mn":"ADBE Vector Group","hd":false}],"ip":95,"op":459,"st":95,"bm":0},{"ddd":0,"ind":4,"ty":4,"nm":"tree 3","parent":1,"sr":1,"ks":{"o":{"a":0,"k":100,"ix":11},"r":{"a":0,"k":0,"ix":10},"p":{"a":0,"k":[0,0,0],"ix":2},"a":{"a":0,"k":[0,-31,0],"ix":1},"s":{"a":1,"k":[{"i":{"x":[0.833,0.833,0.833],"y":[0.833,0.833,0.833]},"o":{"x":[0.167,0.167,0.167],"y":[0.167,0.167,0.167]},"t":94,"s":[100,0,100]},{"i":{"x":[0.833,0.833,0.833],"y":[0.833,0.833,0.833]},"o":{"x":[0.167,0.167,0.167],"y":[0.167,0.167,0.167]},"t":104,"s":[100,100,100]},{"i":{"x":[0.833,0.833,0.833],"y":[0.833,0.833,0.833]},"o":{"x":[0.167,0.167,0.167],"y":[0.167,0.167,0.167]},"t":187,"s":[100,100,100]},{"t":197,"s":[100,0,100]}],"ix":6}},"ao":0,"shapes":[{"ty":"gr","it":[{"ind":0,"ty":"sh","ix":1,"ks":{"a":0,"k":{"i":[[0,0],[0,0],[0,0],[0,0]],"o":[[0,0],[0,0],[0,0],[0,0]],"v":[[-8.533,-192],[8.534,-192],[8.534,-29.867],[-8.533,-29.867]],"c":true},"ix":2},"nm":"Path 1","mn":"ADBE Vector Shape - Group","hd":false},{"ty":"fl","c":{"a":0,"k":[0.419607847929,0.588235318661,0.164705887437,1],"ix":4},"o":{"a":0,"k":100,"ix":5},"r":1,"bm":0,"nm":"Fill 1","mn":"ADBE Vector Graphic - Fill","hd":false},{"ty":"tr","p":{"a":0,"k":[0,0],"ix":2},"a":{"a":0,"k":[0,0],"ix":1},"s":{"a":0,"k":[100,100],"ix":3},"r":{"a":0,"k":0,"ix":6},"o":{"a":0,"k":100,"ix":7},"sk":{"a":0,"k":0,"ix":4},"sa":{"a":0,"k":0,"ix":5},"nm":"Transform"}],"nm":"Group 22","np":2,"cix":2,"bm":0,"ix":1,"mn":"ADBE Vector Group","hd":false}],"ip":92,"op":456,"st":92,"bm":0},{"ddd":0,"ind":5,"ty":4,"nm":"tree 2 2","parent":1,"sr":1,"ks":{"o":{"a":0,"k":100,"ix":11},"r":{"a":1,"k":[{"i":{"x":[0.833],"y":[0.833]},"o":{"x":[0.167],"y":[0.167]},"t":104,"s":[-48]},{"i":{"x":[0.833],"y":[0.833]},"o":{"x":[0.167],"y":[0.167]},"t":110,"s":[0]},{"i":{"x":[0.833],"y":[0.833]},"o":{"x":[0.167],"y":[0.167]},"t":181,"s":[0]},{"t":187,"s":[-48]}],"ix":10,"x":"var $bm_rt;\nvar amp, freq, decay, n, n, t, t, v;\ntry {\n    amp = $bm_div(effect('Elastic Controller Rotation')(1), 200);\n    freq = $bm_div(effect('Elastic Controller Rotation')(2), 30);\n    decay = $bm_div(effect('Elastic Controller Rotation')(3), 10);\n    $bm_rt = n = 0;\n    if (numKeys > 0) {\n        $bm_rt = n = nearestKey(time).index;\n        if (key(n).time > time) {\n            n--;\n        }\n    }\n    if (n == 0) {\n        $bm_rt = t = 0;\n    } else {\n        $bm_rt = t = $bm_sub(time, key(n).time);\n    }\n    if (n > 0) {\n        v = velocityAtTime($bm_sub(key(n).time, $bm_div(thisComp.frameDuration, 10)));\n        $bm_rt = $bm_sum(value, $bm_div($bm_mul($bm_mul(v, amp), Math.sin($bm_mul($bm_mul($bm_mul(freq, t), 2), Math.PI))), Math.exp($bm_mul(decay, t))));\n    } else {\n        $bm_rt = value;\n    }\n} catch (e$$4) {\n    $bm_rt = value = value;\n}"},"p":{"a":0,"k":[0,-161,0],"ix":2},"a":{"a":0,"k":[0,-192,0],"ix":1},"s":{"a":1,"k":[{"i":{"x":[0.667,0.667,0.667],"y":[1,1,1]},"o":{"x":[0.333,0.333,0.333],"y":[0,0,0]},"t":104,"s":[0,0,100]},{"i":{"x":[0.667,0.667,0.667],"y":[1,1,1]},"o":{"x":[0.167,0.167,0.167],"y":[0,0,0]},"t":110,"s":[100,100,100]},{"i":{"x":[0.667,0.667,0.667],"y":[1,1,1]},"o":{"x":[0.333,0.333,0.333],"y":[0,0,0]},"t":181,"s":[100,100,100]},{"t":187,"s":[0,0,100]}],"ix":6}},"ao":0,"ef":[{"ty":5,"nm":"Elastic Controller Rotation","np":5,"mn":"Pseudo/MDS Elastic Controller","ix":1,"en":1,"ef":[{"ty":0,"nm":"Amplitude","mn":"Pseudo/MDS Elastic Controller-0001","ix":1,"v":{"a":0,"k":20,"ix":1}},{"ty":0,"nm":"Frequency","mn":"Pseudo/MDS Elastic Controller-0002","ix":2,"v":{"a":0,"k":40,"ix":2}},{"ty":0,"nm":"Decay","mn":"Pseudo/MDS Elastic Controller-0003","ix":3,"v":{"a":0,"k":60,"ix":3}}]}],"shapes":[{"ty":"gr","it":[{"ty":"gr","it":[{"ind":0,"ty":"sh","ix":1,"ks":{"a":0,"k":{"i":[[0,32.99],[0,0],[0,-32.99],[0,0]],"o":[[0,0],[-32.99,0],[0,0],[32.99,0]],"v":[[76.8,-251.733],[59.733,-251.733],[0,-192],[17.067,-192]],"c":true},"ix":2},"nm":"Path 1","mn":"ADBE Vector Shape - Group","hd":false},{"ty":"fl","c":{"a":0,"k":[0.419607847929,0.588235318661,0.164705887437,1],"ix":4},"o":{"a":0,"k":100,"ix":5},"r":1,"bm":0,"nm":"Fill 1","mn":"ADBE Vector Graphic - Fill","hd":false},{"ty":"tr","p":{"a":0,"k":[0,0],"ix":2},"a":{"a":0,"k":[0,0],"ix":1},"s":{"a":0,"k":[100,100],"ix":3},"r":{"a":0,"k":0,"ix":6},"o":{"a":0,"k":100,"ix":7},"sk":{"a":0,"k":0,"ix":4},"sa":{"a":0,"k":0,"ix":5},"nm":"Transform"}],"nm":"Group 2","np":2,"cix":2,"bm":0,"ix":1,"mn":"ADBE Vector Group","hd":false},{"ty":"tr","p":{"a":0,"k":[0,0],"ix":2},"a":{"a":0,"k":[0,0],"ix":1},"s":{"a":0,"k":[100,100],"ix":3},"r":{"a":0,"k":0,"ix":6},"o":{"a":0,"k":100,"ix":7},"sk":{"a":0,"k":0,"ix":4},"sa":{"a":0,"k":0,"ix":5},"nm":"Transform"}],"nm":"Group 12","np":1,"cix":2,"bm":0,"ix":1,"mn":"ADBE Vector Group","hd":false}],"ip":97,"op":461,"st":97,"bm":0},{"ddd":0,"ind":6,"ty":4,"nm":"tree 4","parent":1,"sr":1,"ks":{"o":{"a":0,"k":100,"ix":11},"r":{"a":1,"k":[{"i":{"x":[0.833],"y":[0.833]},"o":{"x":[0.167],"y":[0.167]},"t":99,"s":[-49]},{"i":{"x":[0.833],"y":[0.833]},"o":{"x":[0.167],"y":[0.167]},"t":105,"s":[0]},{"i":{"x":[0.833],"y":[0.833]},"o":{"x":[0.167],"y":[0.167]},"t":187,"s":[0]},{"t":193,"s":[-49]}],"ix":10,"x":"var $bm_rt;\nvar amp, freq, decay, n, n, t, t, v;\ntry {\n    amp = $bm_div(effect('Elastic Controller Rotation')(1), 200);\n    freq = $bm_div(effect('Elastic Controller Rotation')(2), 30);\n    decay = $bm_div(effect('Elastic Controller Rotation')(3), 10);\n    $bm_rt = n = 0;\n    if (numKeys > 0) {\n        $bm_rt = n = nearestKey(time).index;\n        if (key(n).time > time) {\n            n--;\n        }\n    }\n    if (n == 0) {\n        $bm_rt = t = 0;\n    } else {\n        $bm_rt = t = $bm_sub(time, key(n).time);\n    }\n    if (n > 0) {\n        v = velocityAtTime($bm_sub(key(n).time, $bm_div(thisComp.frameDuration, 10)));\n        $bm_rt = $bm_sum(value, $bm_div($bm_mul($bm_mul(v, amp), Math.sin($bm_mul($bm_mul($bm_mul(freq, t), 2), Math.PI))), Math.exp($bm_mul(decay, t))));\n    } else {\n        $bm_rt = value;\n    }\n} catch (e$$4) {\n    $bm_rt = value = value;\n}"},"p":{"a":0,"k":[0,-50.067,0],"ix":2},"a":{"a":0,"k":[0,-81.067,0],"ix":1},"s":{"a":1,"k":[{"i":{"x":[0.667,0.667,0.667],"y":[1,1,1]},"o":{"x":[0.333,0.333,0.333],"y":[0,0,0]},"t":99,"s":[0,0,100]},{"i":{"x":[0.667,0.667,0.667],"y":[1,1,1]},"o":{"x":[0.167,0.167,0.167],"y":[0,0,0]},"t":105,"s":[100,100,100]},{"i":{"x":[0.667,0.667,0.667],"y":[1,1,1]},"o":{"x":[0.333,0.333,0.333],"y":[0,0,0]},"t":187,"s":[100,100,100]},{"t":193,"s":[0,0,100]}],"ix":6}},"ao":0,"ef":[{"ty":5,"nm":"Elastic Controller Rotation","np":5,"mn":"Pseudo/MDS Elastic Controller","ix":1,"en":1,"ef":[{"ty":0,"nm":"Amplitude","mn":"Pseudo/MDS Elastic Controller-0001","ix":1,"v":{"a":0,"k":20,"ix":1}},{"ty":0,"nm":"Frequency","mn":"Pseudo/MDS Elastic Controller-0002","ix":2,"v":{"a":0,"k":40,"ix":2}},{"ty":0,"nm":"Decay","mn":"Pseudo/MDS Elastic Controller-0003","ix":3,"v":{"a":0,"k":60,"ix":3}}]}],"shapes":[{"ty":"gr","it":[{"ty":"gr","it":[{"ind":0,"ty":"sh","ix":1,"ks":{"a":0,"k":{"i":[[47.129,0],[0,0],[0,0],[0,0],[-47.129,0],[0,0],[0,0],[0,0]],"o":[[0,0],[0,0],[0,0],[0,-47.13],[0,0],[0,0],[0,0],[0,47.13]],"v":[[17.067,-81.067],[0,-81.067],[0,-81.067],[0,-81.067],[85.333,-166.4],[102.4,-166.4],[102.4,-166.4],[102.4,-166.4]],"c":true},"ix":2},"nm":"Path 1","mn":"ADBE Vector Shape - Group","hd":false},{"ty":"fl","c":{"a":0,"k":[0.419607847929,0.588235318661,0.164705887437,1],"ix":4},"o":{"a":0,"k":100,"ix":5},"r":1,"bm":0,"nm":"Fill 1","mn":"ADBE Vector Graphic - Fill","hd":false},{"ty":"tr","p":{"a":0,"k":[0,0],"ix":2},"a":{"a":0,"k":[0,0],"ix":1},"s":{"a":0,"k":[100,100],"ix":3},"r":{"a":0,"k":0,"ix":6},"o":{"a":0,"k":100,"ix":7},"sk":{"a":0,"k":0,"ix":4},"sa":{"a":0,"k":0,"ix":5},"nm":"Transform"}],"nm":"Group 1","np":2,"cix":2,"bm":0,"ix":1,"mn":"ADBE Vector Group","hd":false},{"ty":"tr","p":{"a":0,"k":[0,0],"ix":2},"a":{"a":0,"k":[0,0],"ix":1},"s":{"a":0,"k":[100,100],"ix":3},"r":{"a":0,"k":0,"ix":6},"o":{"a":0,"k":100,"ix":7},"sk":{"a":0,"k":0,"ix":4},"sa":{"a":0,"k":0,"ix":5},"nm":"Transform"}],"nm":"Group 12","np":1,"cix":2,"bm":0,"ix":1,"mn":"ADBE Vector Group","hd":false}],"ip":92,"op":456,"st":92,"bm":0},{"ddd":0,"ind":7,"ty":4,"nm":"stars","sr":1,"ks":{"o":{"a":0,"k":100,"ix":11},"r":{"a":0,"k":-90,"ix":10},"p":{"a":0,"k":[82.333,41.2,0],"ix":2},"a":{"a":0,"k":[-170.667,-12.8,0],"ix":1},"s":{"a":1,"k":[{"i":{"x":[0.25,0.25,0.25],"y":[1,1,1]},"o":{"x":[0.5,0.5,0.5],"y":[0,0,0]},"t":-59,"s":[0,0,100]},{"i":{"x":[0.25,0.25,0.25],"y":[1,1,1]},"o":{"x":[0.5,0.5,0.5],"y":[0,0,0]},"t":-49,"s":[0,0,100]},{"i":{"x":[0.25,0.25,0.25],"y":[1,1,1]},"o":{"x":[0.167,0.167,0.167],"y":[0,0,0]},"t":-35,"s":[100,100,100]},{"i":{"x":[0.5,0.5,0.5],"y":[1,1,1]},"o":{"x":[0.8,0.8,0.8],"y":[0,0,0]},"t":-11,"s":[100,100,100]},{"i":{"x":[0.5,0.5,0.5],"y":[1,0.9,1]},"o":{"x":[0.75,0.75,0.75],"y":[0,0,0]},"t":1,"s":[0,0,100]},{"t":13,"s":[0,0,100]}],"ix":6,"x":"var $bm_rt;\n$bm_rt = loopOut();"}},"ao":0,"shapes":[{"ty":"gr","it":[{"ty":"gr","it":[{"ind":0,"ty":"sh","ix":1,"ks":{"a":0,"k":{"i":[[2.902,-17.51],[0,0],[17.51,2.901],[0,0],[-2.901,17.51],[0,0],[-17.51,-2.901],[0,0]],"o":[[0,0],[-2.901,-17.51],[0,0],[17.51,-2.901],[0,0],[2.901,17.51],[0,0],[-17.51,2.901]],"v":[[-170.667,21.333],[-170.667,21.333],[-204.8,-12.8],[-204.8,-12.8],[-170.667,-46.933],[-170.667,-46.933],[-136.534,-12.8],[-136.534,-12.8]],"c":true},"ix":2},"nm":"Path 1","mn":"ADBE Vector Shape - Group","hd":false},{"ty":"fl","c":{"a":0,"k":[0.992156863213,0.713725507259,0.184313729405,1],"ix":4},"o":{"a":0,"k":100,"ix":5},"r":1,"bm":0,"nm":"Fill 1","mn":"ADBE Vector Graphic - Fill","hd":false},{"ty":"tr","p":{"a":0,"k":[0,0],"ix":2},"a":{"a":0,"k":[0,0],"ix":1},"s":{"a":0,"k":[100,100],"ix":3},"r":{"a":0,"k":0,"ix":6},"o":{"a":0,"k":100,"ix":7},"sk":{"a":0,"k":0,"ix":4},"sa":{"a":0,"k":0,"ix":5},"nm":"Transform"}],"nm":"Group 3","np":2,"cix":2,"bm":0,"ix":1,"mn":"ADBE Vector Group","hd":false},{"ty":"tr","p":{"a":0,"k":[0,0],"ix":2},"a":{"a":0,"k":[0,0],"ix":1},"s":{"a":0,"k":[100,100],"ix":3},"r":{"a":0,"k":0,"ix":6},"o":{"a":0,"k":100,"ix":7},"sk":{"a":0,"k":0,"ix":4},"sa":{"a":0,"k":0,"ix":5},"nm":"Transform"}],"nm":"Group 2","np":1,"cix":2,"bm":0,"ix":1,"mn":"ADBE Vector Group","hd":false}],"ip":-59,"op":446,"st":-59,"bm":0},{"ddd":0,"ind":8,"ty":4,"nm":"stars","sr":1,"ks":{"o":{"a":0,"k":100,"ix":11},"r":{"a":0,"k":-90,"ix":10},"p":{"a":0,"k":[439.333,73.2,0],"ix":2},"a":{"a":0,"k":[-170.667,-12.8,0],"ix":1},"s":{"a":1,"k":[{"i":{"x":[0.25,0.25,0.25],"y":[1,1,1]},"o":{"x":[0.5,0.5,0.5],"y":[0,0,0]},"t":-35,"s":[0,0,100]},{"i":{"x":[0.25,0.25,0.25],"y":[1,1,1]},"o":{"x":[0.5,0.5,0.5],"y":[0,0,0]},"t":-25,"s":[0,0,100]},{"i":{"x":[0.25,0.25,0.25],"y":[1,1,1]},"o":{"x":[0.167,0.167,0.167],"y":[0,0,0]},"t":-11,"s":[100,100,100]},{"i":{"x":[0.5,0.5,0.5],"y":[1,1,1]},"o":{"x":[0.8,0.8,0.8],"y":[0,0,0]},"t":13,"s":[100,100,100]},{"i":{"x":[0.5,0.5,0.5],"y":[1,1,1]},"o":{"x":[0.75,0.75,0.75],"y":[0,0,0]},"t":25,"s":[0,0,100]},{"t":37,"s":[0,0,100]}],"ix":6,"x":"var $bm_rt;\n$bm_rt = loopOut();"}},"ao":0,"shapes":[{"ty":"gr","it":[{"ty":"gr","it":[{"ind":0,"ty":"sh","ix":1,"ks":{"a":0,"k":{"i":[[2.902,-17.51],[0,0],[17.51,2.901],[0,0],[-2.901,17.51],[0,0],[-17.51,-2.901],[0,0]],"o":[[0,0],[-2.901,-17.51],[0,0],[17.51,-2.901],[0,0],[2.901,17.51],[0,0],[-17.51,2.901]],"v":[[-170.667,21.333],[-170.667,21.333],[-204.8,-12.8],[-204.8,-12.8],[-170.667,-46.933],[-170.667,-46.933],[-136.534,-12.8],[-136.534,-12.8]],"c":true},"ix":2},"nm":"Path 1","mn":"ADBE Vector Shape - Group","hd":false},{"ty":"fl","c":{"a":0,"k":[0.992156863213,0.713725507259,0.184313729405,1],"ix":4},"o":{"a":0,"k":100,"ix":5},"r":1,"bm":0,"nm":"Fill 1","mn":"ADBE Vector Graphic - Fill","hd":false},{"ty":"tr","p":{"a":0,"k":[0,0],"ix":2},"a":{"a":0,"k":[0,0],"ix":1},"s":{"a":0,"k":[100,100],"ix":3},"r":{"a":0,"k":0,"ix":6},"o":{"a":0,"k":100,"ix":7},"sk":{"a":0,"k":0,"ix":4},"sa":{"a":0,"k":0,"ix":5},"nm":"Transform"}],"nm":"Group 3","np":2,"cix":2,"bm":0,"ix":1,"mn":"ADBE Vector Group","hd":false},{"ty":"tr","p":{"a":0,"k":[0,0],"ix":2},"a":{"a":0,"k":[0,0],"ix":1},"s":{"a":0,"k":[100,100],"ix":3},"r":{"a":0,"k":0,"ix":6},"o":{"a":0,"k":100,"ix":7},"sk":{"a":0,"k":0,"ix":4},"sa":{"a":0,"k":0,"ix":5},"nm":"Transform"}],"nm":"Group 2","np":1,"cix":2,"bm":0,"ix":1,"mn":"ADBE Vector Group","hd":false}],"ip":-35,"op":445,"st":-35,"bm":0},{"ddd":0,"ind":9,"ty":4,"nm":"stars","sr":1,"ks":{"o":{"a":0,"k":100,"ix":11},"r":{"a":0,"k":-90,"ix":10},"p":{"a":0,"k":[59.333,237.2,0],"ix":2},"a":{"a":0,"k":[-170.667,-12.8,0],"ix":1},"s":{"a":1,"k":[{"i":{"x":[0.25,0.25,0.25],"y":[1,1,1]},"o":{"x":[0.5,0.5,0.5],"y":[0,0,0]},"t":0,"s":[0,0,100]},{"i":{"x":[0.25,0.25,0.25],"y":[1,1,1]},"o":{"x":[0.5,0.5,0.5],"y":[0,0,0]},"t":10,"s":[0,0,100]},{"i":{"x":[0.25,0.25,0.25],"y":[1,1,1]},"o":{"x":[0.167,0.167,0.167],"y":[0,0,0]},"t":24,"s":[100,100,100]},{"i":{"x":[0.5,0.5,0.5],"y":[1,1,1]},"o":{"x":[0.8,0.8,0.8],"y":[0,0,0]},"t":48,"s":[100,100,100]},{"i":{"x":[0.5,0.5,0.5],"y":[1,1,1]},"o":{"x":[0.75,0.75,0.75],"y":[0,0,0]},"t":60,"s":[0,0,100]},{"t":72,"s":[0,0,100]}],"ix":6,"x":"var $bm_rt;\n$bm_rt = loopOut();"}},"ao":0,"shapes":[{"ty":"gr","it":[{"ty":"gr","it":[{"ind":0,"ty":"sh","ix":1,"ks":{"a":0,"k":{"i":[[2.902,-17.51],[0,0],[17.51,2.901],[0,0],[-2.901,17.51],[0,0],[-17.51,-2.901],[0,0]],"o":[[0,0],[-2.901,-17.51],[0,0],[17.51,-2.901],[0,0],[2.901,17.51],[0,0],[-17.51,2.901]],"v":[[-170.667,21.333],[-170.667,21.333],[-204.8,-12.8],[-204.8,-12.8],[-170.667,-46.933],[-170.667,-46.933],[-136.534,-12.8],[-136.534,-12.8]],"c":true},"ix":2},"nm":"Path 1","mn":"ADBE Vector Shape - Group","hd":false},{"ty":"fl","c":{"a":0,"k":[0.992156863213,0.713725507259,0.184313729405,1],"ix":4},"o":{"a":0,"k":100,"ix":5},"r":1,"bm":0,"nm":"Fill 1","mn":"ADBE Vector Graphic - Fill","hd":false},{"ty":"tr","p":{"a":0,"k":[0,0],"ix":2},"a":{"a":0,"k":[0,0],"ix":1},"s":{"a":0,"k":[100,100],"ix":3},"r":{"a":0,"k":0,"ix":6},"o":{"a":0,"k":100,"ix":7},"sk":{"a":0,"k":0,"ix":4},"sa":{"a":0,"k":0,"ix":5},"nm":"Transform"}],"nm":"Group 3","np":2,"cix":2,"bm":0,"ix":1,"mn":"ADBE Vector Group","hd":false},{"ty":"tr","p":{"a":0,"k":[0,0],"ix":2},"a":{"a":0,"k":[0,0],"ix":1},"s":{"a":0,"k":[100,100],"ix":3},"r":{"a":0,"k":0,"ix":6},"o":{"a":0,"k":100,"ix":7},"sk":{"a":0,"k":0,"ix":4},"sa":{"a":0,"k":0,"ix":5},"nm":"Transform"}],"nm":"Group 2","np":1,"cix":2,"bm":0,"ix":1,"mn":"ADBE Vector Group","hd":false}],"ip":0,"op":445,"st":0,"bm":0},{"ddd":0,"ind":10,"ty":3,"nm":"null 2","sr":1,"ks":{"o":{"a":0,"k":0,"ix":11},"r":{"a":0,"k":0,"ix":10},"p":{"a":0,"k":[404,79.125,0],"ix":2},"a":{"a":0,"k":[50,50,0],"ix":1},"s":{"a":0,"k":[100,100,100],"ix":6}},"ao":0,"ip":38,"op":194,"st":38,"bm":0},{"ddd":0,"ind":11,"ty":4,"nm":"Group 29","parent":10,"sr":1,"ks":{"o":{"a":0,"k":100,"ix":11},"r":{"a":1,"k":[{"i":{"x":[0.17],"y":[1]},"o":{"x":[0.167],"y":[0.167]},"t":61,"s":[19]},{"i":{"x":[0.833],"y":[0.833]},"o":{"x":[0.83],"y":[0]},"t":67,"s":[-14]},{"i":{"x":[0.25],"y":[1]},"o":{"x":[0.167],"y":[0.167]},"t":74,"s":[9]},{"i":{"x":[0.833],"y":[1]},"o":{"x":[0.75],"y":[0]},"t":78,"s":[-4]},{"i":{"x":[0.17],"y":[1]},"o":{"x":[0.167],"y":[0]},"t":82,"s":[-4]},{"i":{"x":[0.833],"y":[1]},"o":{"x":[0.83],"y":[0]},"t":85,"s":[4]},{"t":88,"s":[0]}],"ix":10},"p":{"s":true,"x":{"a":0,"k":80,"ix":3},"y":{"a":1,"k":[{"i":{"x":[0.17],"y":[1]},"o":{"x":[0.167],"y":[0.167]},"t":61,"s":[320.75]},{"i":{"x":[0.833],"y":[0.833]},"o":{"x":[0.83],"y":[0]},"t":69,"s":[217.75]},{"i":{"x":[0.25],"y":[1]},"o":{"x":[0.167],"y":[0.167]},"t":74,"s":[311.75]},{"i":{"x":[0.833],"y":[0.833]},"o":{"x":[0.75],"y":[0]},"t":78,"s":[281.75]},{"i":{"x":[0.17],"y":[1]},"o":{"x":[0.167],"y":[0]},"t":82,"s":[316.75]},{"i":{"x":[0.833],"y":[0.833]},"o":{"x":[0.83],"y":[0]},"t":85,"s":[316.75]},{"t":88,"s":[320.75]}],"ix":4}},"a":{"a":0,"k":[-170.667,89.599,0],"ix":1},"s":{"a":1,"k":[{"i":{"x":[0.17,0.17,0.17],"y":[1,1,1]},"o":{"x":[0.167,0.167,0.167],"y":[0.167,0.167,0]},"t":61,"s":[0,0,100]},{"t":67,"s":[100,100,100]}],"ix":6}},"ao":0,"ef":[{"ty":5,"nm":"4-Color Gradient","np":16,"mn":"ADBE 4ColorGradient","ix":1,"en":1,"ef":[{"ty":6,"nm":"Positions & Colors","mn":"ADBE 4ColorGradient-0011","ix":1,"v":0},{"ty":3,"nm":"Point 1","mn":"ADBE 4ColorGradient-0001","ix":2,"v":{"a":0,"k":[370,347],"ix":2}},{"ty":2,"nm":"Color 1","mn":"ADBE 4ColorGradient-0002","ix":3,"v":{"a":0,"k":[0.980377197266,0.784301757813,0.235290527344,1],"ix":3}},{"ty":3,"nm":"Point 2","mn":"ADBE 4ColorGradient-0003","ix":4,"v":{"a":0,"k":[404,348],"ix":4}},{"ty":2,"nm":"Color 2","mn":"ADBE 4ColorGradient-0004","ix":5,"v":{"a":0,"k":[0.896087646484,0.617645263672,0.145111083984,1],"ix":5}},{"ty":3,"nm":"Point 3","mn":"ADBE 4ColorGradient-0005","ix":6,"v":{"a":0,"k":[446,348],"ix":6}},{"ty":2,"nm":"Color 3","mn":"ADBE 4ColorGradient-0006","ix":7,"v":{"a":0,"k":[0.998046875,0.841186523438,0.281372070313,1],"ix":7}},{"ty":3,"nm":"Point 4","mn":"ADBE 4ColorGradient-0007","ix":8,"v":{"a":0,"k":[496,346],"ix":8}},{"ty":2,"nm":"Color 4","mn":"ADBE 4ColorGradient-0008","ix":9,"v":{"a":0,"k":[0.934326171875,0.674499511719,0.154907226563,1],"ix":9}},{"ty":6,"nm":"Color 4","mn":"ADBE 4ColorGradient-0012","ix":10,"v":0},{"ty":0,"nm":"Blend","mn":"ADBE 4ColorGradient-0009","ix":11,"v":{"a":0,"k":5,"ix":11}},{"ty":0,"nm":"Jitter","mn":"ADBE 4ColorGradient-0010","ix":12,"v":{"a":0,"k":0,"ix":12}},{"ty":0,"nm":"Opacity","mn":"ADBE 4ColorGradient-0013","ix":13,"v":{"a":0,"k":100,"ix":13}},{"ty":7,"nm":"Blending Mode","mn":"ADBE 4ColorGradient-0014","ix":14,"v":{"a":0,"k":7,"ix":14}}]}],"shapes":[{"ty":"gr","it":[{"ind":0,"ty":"sh","ix":1,"ks":{"a":0,"k":{"i":[[0,0],[0,0],[0,0],[0,0]],"o":[[0,0],[0,0],[0,0],[0,0]],"v":[[-230.4,72.533],[-110.933,72.533],[-110.933,106.666],[-230.4,106.666]],"c":true},"ix":2},"nm":"Path 1","mn":"ADBE Vector Shape - Group","hd":false},{"ty":"fl","c":{"a":0,"k":[1,0.658782958984,0.239196777344,1],"ix":4},"o":{"a":0,"k":100,"ix":5},"r":1,"bm":0,"nm":"Fill 1","mn":"ADBE Vector Graphic - Fill","hd":false},{"ty":"tr","p":{"a":0,"k":[0,0],"ix":2},"a":{"a":0,"k":[0,0],"ix":1},"s":{"a":0,"k":[100,100],"ix":3},"r":{"a":0,"k":0,"ix":6},"o":{"a":0,"k":100,"ix":7},"sk":{"a":0,"k":0,"ix":4},"sa":{"a":0,"k":0,"ix":5},"nm":"Transform"}],"nm":"Group 11","np":2,"cix":2,"bm":0,"ix":1,"mn":"ADBE Vector Group","hd":false},{"ty":"rd","nm":"Round Corners 1","r":{"a":0,"k":5,"ix":1},"ix":2,"mn":"ADBE Vector Filter - RC","hd":false}],"ip":61,"op":182,"st":61,"bm":0},{"ddd":0,"ind":12,"ty":4,"nm":"Group 28","parent":10,"sr":1,"ks":{"o":{"a":0,"k":100,"ix":11},"r":{"a":1,"k":[{"i":{"x":[0.17],"y":[1]},"o":{"x":[0.167],"y":[0.167]},"t":51,"s":[19]},{"i":{"x":[0.833],"y":[0.833]},"o":{"x":[0.83],"y":[0]},"t":55,"s":[-14]},{"i":{"x":[0.25],"y":[1]},"o":{"x":[0.167],"y":[0.167]},"t":61,"s":[9]},{"i":{"x":[0.833],"y":[1]},"o":{"x":[0.75],"y":[0]},"t":64,"s":[-4]},{"i":{"x":[0.17],"y":[1]},"o":{"x":[0.167],"y":[0]},"t":66,"s":[-4]},{"i":{"x":[0.833],"y":[1]},"o":{"x":[0.83],"y":[0]},"t":69,"s":[4]},{"t":71,"s":[0]}],"ix":10,"x":"var $bm_rt;\n$bm_rt = $bm_mul(value, -1);"},"p":{"s":true,"x":{"a":0,"k":50,"ix":3},"y":{"a":1,"k":[{"i":{"x":[0.17],"y":[1]},"o":{"x":[0.167],"y":[0.167]},"t":51,"s":[353.5]},{"i":{"x":[0.833],"y":[0.833]},"o":{"x":[0.83],"y":[0]},"t":57,"s":[250.5]},{"i":{"x":[0.25],"y":[1]},"o":{"x":[0.167],"y":[0.167]},"t":61,"s":[344.5]},{"i":{"x":[0.833],"y":[0.833]},"o":{"x":[0.75],"y":[0]},"t":64,"s":[314.5]},{"i":{"x":[0.17],"y":[1]},"o":{"x":[0.167],"y":[0]},"t":66,"s":[349.5]},{"i":{"x":[0.833],"y":[0.833]},"o":{"x":[0.83],"y":[0]},"t":69,"s":[349.5]},{"t":71,"s":[353.5]}],"ix":4}},"a":{"a":0,"k":[-170.667,89.599,0],"ix":1},"s":{"a":1,"k":[{"i":{"x":[0.17,0.17,0.17],"y":[1,1,1]},"o":{"x":[0.167,0.167,0.167],"y":[0.167,0.167,0]},"t":51,"s":[0,0,100]},{"t":55,"s":[100,100,100]}],"ix":6}},"ao":0,"ef":[{"ty":5,"nm":"4-Color Gradient","np":16,"mn":"ADBE 4ColorGradient","ix":1,"en":1,"ef":[{"ty":6,"nm":"Positions & Colors","mn":"ADBE 4ColorGradient-0011","ix":1,"v":0},{"ty":3,"nm":"Point 1","mn":"ADBE 4ColorGradient-0001","ix":2,"v":{"a":0,"k":[331,382],"ix":2}},{"ty":2,"nm":"Color 1","mn":"ADBE 4ColorGradient-0002","ix":3,"v":{"a":0,"k":[0.980377197266,0.784301757813,0.235290527344,1],"ix":3}},{"ty":3,"nm":"Point 2","mn":"ADBE 4ColorGradient-0003","ix":4,"v":{"a":0,"k":[379,383],"ix":4}},{"ty":2,"nm":"Color 2","mn":"ADBE 4ColorGradient-0004","ix":5,"v":{"a":0,"k":[0.896087646484,0.617645263672,0.145111083984,1],"ix":5}},{"ty":3,"nm":"Point 3","mn":"ADBE 4ColorGradient-0005","ix":6,"v":{"a":0,"k":[427,381],"ix":6}},{"ty":2,"nm":"Color 3","mn":"ADBE 4ColorGradient-0006","ix":7,"v":{"a":0,"k":[0.998046875,0.841186523438,0.281372070313,1],"ix":7}},{"ty":3,"nm":"Point 4","mn":"ADBE 4ColorGradient-0007","ix":8,"v":{"a":0,"k":[474,382],"ix":8}},{"ty":2,"nm":"Color 4","mn":"ADBE 4ColorGradient-0008","ix":9,"v":{"a":0,"k":[0.934326171875,0.674499511719,0.154907226563,1],"ix":9}},{"ty":6,"nm":"Color 4","mn":"ADBE 4ColorGradient-0012","ix":10,"v":0},{"ty":0,"nm":"Blend","mn":"ADBE 4ColorGradient-0009","ix":11,"v":{"a":0,"k":5,"ix":11}},{"ty":0,"nm":"Jitter","mn":"ADBE 4ColorGradient-0010","ix":12,"v":{"a":0,"k":0,"ix":12}},{"ty":0,"nm":"Opacity","mn":"ADBE 4ColorGradient-0013","ix":13,"v":{"a":0,"k":100,"ix":13}},{"ty":7,"nm":"Blending Mode","mn":"ADBE 4ColorGradient-0014","ix":14,"v":{"a":0,"k":7,"ix":14}}]}],"shapes":[{"ty":"gr","it":[{"ind":0,"ty":"sh","ix":1,"ks":{"a":0,"k":{"i":[[0,0],[0,0],[0,0],[0,0]],"o":[[0,0],[0,0],[0,0],[0,0]],"v":[[-230.4,72.533],[-110.933,72.533],[-110.933,106.666],[-230.4,106.666]],"c":true},"ix":2},"nm":"Path 1","mn":"ADBE Vector Shape - Group","hd":false},{"ty":"fl","c":{"a":0,"k":[0.992126464844,0.713714599609,0.184295654297,1],"ix":4},"o":{"a":0,"k":100,"ix":5},"r":1,"bm":0,"nm":"Fill 1","mn":"ADBE Vector Graphic - Fill","hd":false},{"ty":"tr","p":{"a":0,"k":[0,0],"ix":2},"a":{"a":0,"k":[0,0],"ix":1},"s":{"a":0,"k":[100,100],"ix":3},"r":{"a":0,"k":0,"ix":6},"o":{"a":0,"k":100,"ix":7},"sk":{"a":0,"k":0,"ix":4},"sa":{"a":0,"k":0,"ix":5},"nm":"Transform"}],"nm":"Group 11","np":2,"cix":2,"bm":0,"ix":1,"mn":"ADBE Vector Group","hd":false},{"ty":"rd","nm":"Round Corners 1","r":{"a":0,"k":5,"ix":1},"ix":2,"mn":"ADBE Vector Filter - RC","hd":false}],"ip":51,"op":184,"st":51,"bm":0},{"ddd":0,"ind":13,"ty":4,"nm":"Group 27","parent":10,"sr":1,"ks":{"o":{"a":0,"k":100,"ix":11},"r":{"a":1,"k":[{"i":{"x":[0.17],"y":[1]},"o":{"x":[0.167],"y":[0.167]},"t":41,"s":[19]},{"i":{"x":[0.833],"y":[0.833]},"o":{"x":[0.83],"y":[0]},"t":45,"s":[-14]},{"i":{"x":[0.25],"y":[1]},"o":{"x":[0.167],"y":[0.167]},"t":51,"s":[9]},{"i":{"x":[0.833],"y":[1]},"o":{"x":[0.75],"y":[0]},"t":54,"s":[-4]},{"i":{"x":[0.17],"y":[1]},"o":{"x":[0.167],"y":[0]},"t":57,"s":[-4]},{"i":{"x":[0.833],"y":[1]},"o":{"x":[0.83],"y":[0]},"t":59,"s":[4]},{"t":61,"s":[0]}],"ix":10},"p":{"s":true,"x":{"a":0,"k":70,"ix":3},"y":{"a":1,"k":[{"i":{"x":[0.17],"y":[1]},"o":{"x":[0.167],"y":[0.167]},"t":41,"s":[386.75]},{"i":{"x":[0.833],"y":[0.833]},"o":{"x":[0.83],"y":[0]},"t":47,"s":[283.75]},{"i":{"x":[0.25],"y":[1]},"o":{"x":[0.167],"y":[0.167]},"t":51,"s":[377.75]},{"i":{"x":[0.833],"y":[0.833]},"o":{"x":[0.75],"y":[0]},"t":54,"s":[347.75]},{"i":{"x":[0.17],"y":[1]},"o":{"x":[0.167],"y":[0]},"t":57,"s":[382.75]},{"i":{"x":[0.833],"y":[0.833]},"o":{"x":[0.83],"y":[0]},"t":59,"s":[382.75]},{"t":61,"s":[386.75]}],"ix":4}},"a":{"a":0,"k":[-170.667,89.599,0],"ix":1},"s":{"a":1,"k":[{"i":{"x":[0.17,0.17,0.17],"y":[1,1,1]},"o":{"x":[0.167,0.167,0.167],"y":[0.167,0.167,0]},"t":41,"s":[0,0,100]},{"t":45,"s":[100,100,100]}],"ix":6}},"ao":0,"ef":[{"ty":5,"nm":"4-Color Gradient","np":16,"mn":"ADBE 4ColorGradient","ix":1,"en":1,"ef":[{"ty":6,"nm":"Positions & Colors","mn":"ADBE 4ColorGradient-0011","ix":1,"v":0},{"ty":3,"nm":"Point 1","mn":"ADBE 4ColorGradient-0001","ix":2,"v":{"a":0,"k":[354,420],"ix":2}},{"ty":2,"nm":"Color 1","mn":"ADBE 4ColorGradient-0002","ix":3,"v":{"a":0,"k":[0.980377197266,0.784301757813,0.235290527344,1],"ix":3}},{"ty":3,"nm":"Point 2","mn":"ADBE 4ColorGradient-0003","ix":4,"v":{"a":0,"k":[396,412],"ix":4}},{"ty":2,"nm":"Color 2","mn":"ADBE 4ColorGradient-0004","ix":5,"v":{"a":0,"k":[0.896087646484,0.617645263672,0.145111083984,1],"ix":5}},{"ty":3,"nm":"Point 3","mn":"ADBE 4ColorGradient-0005","ix":6,"v":{"a":0,"k":[447,416],"ix":6}},{"ty":2,"nm":"Color 3","mn":"ADBE 4ColorGradient-0006","ix":7,"v":{"a":0,"k":[0.998046875,0.841186523438,0.281372070313,1],"ix":7}},{"ty":3,"nm":"Point 4","mn":"ADBE 4ColorGradient-0007","ix":8,"v":{"a":0,"k":[495,416],"ix":8}},{"ty":2,"nm":"Color 4","mn":"ADBE 4ColorGradient-0008","ix":9,"v":{"a":0,"k":[0.934326171875,0.674499511719,0.154907226563,1],"ix":9}},{"ty":6,"nm":"Color 4","mn":"ADBE 4ColorGradient-0012","ix":10,"v":0},{"ty":0,"nm":"Blend","mn":"ADBE 4ColorGradient-0009","ix":11,"v":{"a":0,"k":5,"ix":11}},{"ty":0,"nm":"Jitter","mn":"ADBE 4ColorGradient-0010","ix":12,"v":{"a":0,"k":0,"ix":12}},{"ty":0,"nm":"Opacity","mn":"ADBE 4ColorGradient-0013","ix":13,"v":{"a":0,"k":100,"ix":13}},{"ty":7,"nm":"Blending Mode","mn":"ADBE 4ColorGradient-0014","ix":14,"v":{"a":0,"k":7,"ix":14}}]}],"shapes":[{"ty":"gr","it":[{"ind":0,"ty":"sh","ix":1,"ks":{"a":0,"k":{"i":[[0,0],[0,0],[0,0],[0,0]],"o":[[0,0],[0,0],[0,0],[0,0]],"v":[[-230.4,72.533],[-110.933,72.533],[-110.933,106.666],[-230.4,106.666]],"c":true},"ix":2},"nm":"Path 1","mn":"ADBE Vector Shape - Group","hd":false},{"ty":"fl","c":{"a":0,"k":[1,0.658782958984,0.239196777344,1],"ix":4},"o":{"a":0,"k":100,"ix":5},"r":1,"bm":0,"nm":"Fill 1","mn":"ADBE Vector Graphic - Fill","hd":false},{"ty":"tr","p":{"a":0,"k":[0,0],"ix":2},"a":{"a":0,"k":[0,0],"ix":1},"s":{"a":0,"k":[100,100],"ix":3},"r":{"a":0,"k":0,"ix":6},"o":{"a":0,"k":100,"ix":7},"sk":{"a":0,"k":0,"ix":4},"sa":{"a":0,"k":0,"ix":5},"nm":"Transform"}],"nm":"Group 11","np":2,"cix":2,"bm":0,"ix":1,"mn":"ADBE Vector Group","hd":false},{"ty":"rd","nm":"Round Corners 1","r":{"a":0,"k":5,"ix":1},"ix":2,"mn":"ADBE Vector Filter - RC","hd":false}],"ip":41,"op":186,"st":41,"bm":0},{"ddd":0,"ind":14,"ty":4,"nm":"Group 26","parent":10,"sr":1,"ks":{"o":{"a":0,"k":100,"ix":11},"r":{"a":1,"k":[{"i":{"x":[0.17],"y":[1]},"o":{"x":[0.167],"y":[0.167]},"t":31,"s":[19]},{"i":{"x":[0.833],"y":[0.833]},"o":{"x":[0.83],"y":[0]},"t":35,"s":[-14]},{"i":{"x":[0.25],"y":[1]},"o":{"x":[0.167],"y":[0.167]},"t":41,"s":[9]},{"i":{"x":[0.833],"y":[1]},"o":{"x":[0.75],"y":[0]},"t":44,"s":[-4]},{"i":{"x":[0.17],"y":[1]},"o":{"x":[0.167],"y":[0]},"t":47,"s":[-4]},{"i":{"x":[0.833],"y":[1]},"o":{"x":[0.83],"y":[0]},"t":49,"s":[4]},{"t":51,"s":[0]}],"ix":10,"x":"var $bm_rt;\n$bm_rt = $bm_mul(value, -1);"},"p":{"s":true,"x":{"a":0,"k":70,"ix":3},"y":{"a":1,"k":[{"i":{"x":[0.17],"y":[1]},"o":{"x":[0.167],"y":[0.167]},"t":31,"s":[419.25]},{"i":{"x":[0.833],"y":[0.833]},"o":{"x":[0.83],"y":[0]},"t":37,"s":[316.25]},{"i":{"x":[0.25],"y":[1]},"o":{"x":[0.167],"y":[0.167]},"t":41,"s":[410.25]},{"i":{"x":[0.833],"y":[0.833]},"o":{"x":[0.75],"y":[0]},"t":44,"s":[380.25]},{"i":{"x":[0.17],"y":[1]},"o":{"x":[0.167],"y":[0]},"t":47,"s":[415.25]},{"i":{"x":[0.833],"y":[0.833]},"o":{"x":[0.83],"y":[0]},"t":49,"s":[415.25]},{"t":51,"s":[419.25]}],"ix":4}},"a":{"a":0,"k":[-170.667,89.599,0],"ix":1},"s":{"a":1,"k":[{"i":{"x":[0.17,0.17,0.17],"y":[1,1,1]},"o":{"x":[0.167,0.167,0.167],"y":[0.167,0.167,0]},"t":31,"s":[0,0,100]},{"t":35,"s":[100,100,100]}],"ix":6}},"ao":0,"ef":[{"ty":5,"nm":"4-Color Gradient","np":16,"mn":"ADBE 4ColorGradient","ix":1,"en":1,"ef":[{"ty":6,"nm":"Positions & Colors","mn":"ADBE 4ColorGradient-0011","ix":1,"v":0},{"ty":3,"nm":"Point 1","mn":"ADBE 4ColorGradient-0001","ix":2,"v":{"a":0,"k":[353,451],"ix":2}},{"ty":2,"nm":"Color 1","mn":"ADBE 4ColorGradient-0002","ix":3,"v":{"a":0,"k":[0.980377197266,0.784301757813,0.235290527344,1],"ix":3}},{"ty":3,"nm":"Point 2","mn":"ADBE 4ColorGradient-0003","ix":4,"v":{"a":0,"k":[391,450],"ix":4}},{"ty":2,"nm":"Color 2","mn":"ADBE 4ColorGradient-0004","ix":5,"v":{"a":0,"k":[0.896087646484,0.617645263672,0.145111083984,1],"ix":5}},{"ty":3,"nm":"Point 3","mn":"ADBE 4ColorGradient-0005","ix":6,"v":{"a":0,"k":[448,446],"ix":6}},{"ty":2,"nm":"Color 3","mn":"ADBE 4ColorGradient-0006","ix":7,"v":{"a":0,"k":[0.998046875,0.841186523438,0.281372070313,1],"ix":7}},{"ty":3,"nm":"Point 4","mn":"ADBE 4ColorGradient-0007","ix":8,"v":{"a":0,"k":[494,451],"ix":8}},{"ty":2,"nm":"Color 4","mn":"ADBE 4ColorGradient-0008","ix":9,"v":{"a":0,"k":[0.934326171875,0.674499511719,0.154907226563,1],"ix":9}},{"ty":6,"nm":"Color 4","mn":"ADBE 4ColorGradient-0012","ix":10,"v":0},{"ty":0,"nm":"Blend","mn":"ADBE 4ColorGradient-0009","ix":11,"v":{"a":0,"k":5,"ix":11}},{"ty":0,"nm":"Jitter","mn":"ADBE 4ColorGradient-0010","ix":12,"v":{"a":0,"k":0,"ix":12}},{"ty":0,"nm":"Opacity","mn":"ADBE 4ColorGradient-0013","ix":13,"v":{"a":0,"k":100,"ix":13}},{"ty":7,"nm":"Blending Mode","mn":"ADBE 4ColorGradient-0014","ix":14,"v":{"a":0,"k":7,"ix":14}}]}],"shapes":[{"ty":"gr","it":[{"ind":0,"ty":"sh","ix":1,"ks":{"a":0,"k":{"i":[[0,0],[0,0],[0,0],[0,0]],"o":[[0,0],[0,0],[0,0],[0,0]],"v":[[-230.4,72.533],[-110.933,72.533],[-110.933,106.666],[-230.4,106.666]],"c":true},"ix":2},"nm":"Path 1","mn":"ADBE Vector Shape - Group","hd":false},{"ty":"fl","c":{"a":0,"k":[0.992126464844,0.713714599609,0.184295654297,1],"ix":4},"o":{"a":0,"k":100,"ix":5},"r":1,"bm":0,"nm":"Fill 1","mn":"ADBE Vector Graphic - Fill","hd":false},{"ty":"tr","p":{"a":0,"k":[0,0],"ix":2},"a":{"a":0,"k":[0,0],"ix":1},"s":{"a":0,"k":[100,100],"ix":3},"r":{"a":0,"k":0,"ix":6},"o":{"a":0,"k":100,"ix":7},"sk":{"a":0,"k":0,"ix":4},"sa":{"a":0,"k":0,"ix":5},"nm":"Transform"}],"nm":"Group 11","np":2,"cix":2,"bm":0,"ix":1,"mn":"ADBE Vector Group","hd":false},{"ty":"rd","nm":"Round Corners 1","r":{"a":0,"k":5,"ix":1},"ix":2,"mn":"ADBE Vector Filter - RC","hd":false}],"ip":31,"op":188,"st":31,"bm":0},{"ddd":0,"ind":15,"ty":4,"nm":"Group 25","parent":10,"sr":1,"ks":{"o":{"a":0,"k":100,"ix":11},"r":{"a":1,"k":[{"i":{"x":[0.17],"y":[1]},"o":{"x":[0.167],"y":[0.167]},"t":21,"s":[19]},{"i":{"x":[0.833],"y":[0.833]},"o":{"x":[0.83],"y":[0]},"t":26,"s":[-14]},{"i":{"x":[0.25],"y":[1]},"o":{"x":[0.167],"y":[0.167]},"t":31,"s":[9]},{"i":{"x":[0.833],"y":[1]},"o":{"x":[0.75],"y":[0]},"t":33,"s":[-4]},{"i":{"x":[0.17],"y":[1]},"o":{"x":[0.167],"y":[0]},"t":36,"s":[-4]},{"i":{"x":[0.833],"y":[1]},"o":{"x":[0.83],"y":[0]},"t":39,"s":[4]},{"t":41,"s":[0]}],"ix":10},"p":{"s":true,"x":{"a":0,"k":70,"ix":3},"y":{"a":1,"k":[{"i":{"x":[0.17],"y":[1]},"o":{"x":[0.167],"y":[0.167]},"t":21,"s":[453.25]},{"i":{"x":[0.833],"y":[0.833]},"o":{"x":[0.83],"y":[0]},"t":27,"s":[350.25]},{"i":{"x":[0.25],"y":[1]},"o":{"x":[0.167],"y":[0.167]},"t":31,"s":[444.25]},{"i":{"x":[0.833],"y":[0.833]},"o":{"x":[0.75],"y":[0]},"t":33,"s":[414.25]},{"i":{"x":[0.17],"y":[1]},"o":{"x":[0.167],"y":[0]},"t":36,"s":[449.25]},{"i":{"x":[0.833],"y":[0.833]},"o":{"x":[0.83],"y":[0]},"t":39,"s":[449.25]},{"t":41,"s":[453.25]}],"ix":4}},"a":{"a":0,"k":[-170.667,89.599,0],"ix":1},"s":{"a":1,"k":[{"i":{"x":[0.17,0.17,0.17],"y":[1,1,1]},"o":{"x":[0.167,0.167,0.167],"y":[0.167,0.167,0]},"t":21,"s":[0,0,100]},{"t":26,"s":[100,100,100]}],"ix":6}},"ao":0,"ef":[{"ty":5,"nm":"4-Color Gradient","np":16,"mn":"ADBE 4ColorGradient","ix":1,"en":1,"ef":[{"ty":6,"nm":"Positions & Colors","mn":"ADBE 4ColorGradient-0011","ix":1,"v":0},{"ty":3,"nm":"Point 1","mn":"ADBE 4ColorGradient-0001","ix":2,"v":{"a":0,"k":[353,483],"ix":2}},{"ty":2,"nm":"Color 1","mn":"ADBE 4ColorGradient-0002","ix":3,"v":{"a":0,"k":[0.980377197266,0.784301757813,0.235290527344,1],"ix":3}},{"ty":3,"nm":"Point 2","mn":"ADBE 4ColorGradient-0003","ix":4,"v":{"a":0,"k":[410,484],"ix":4}},{"ty":2,"nm":"Color 2","mn":"ADBE 4ColorGradient-0004","ix":5,"v":{"a":0,"k":[0.896087646484,0.617645263672,0.145111083984,1],"ix":5}},{"ty":3,"nm":"Point 3","mn":"ADBE 4ColorGradient-0005","ix":6,"v":{"a":0,"k":[450,482],"ix":6}},{"ty":2,"nm":"Color 3","mn":"ADBE 4ColorGradient-0006","ix":7,"v":{"a":0,"k":[0.998046875,0.841186523438,0.281372070313,1],"ix":7}},{"ty":3,"nm":"Point 4","mn":"ADBE 4ColorGradient-0007","ix":8,"v":{"a":0,"k":[494,483],"ix":8}},{"ty":2,"nm":"Color 4","mn":"ADBE 4ColorGradient-0008","ix":9,"v":{"a":0,"k":[0.934326171875,0.674499511719,0.154907226563,1],"ix":9}},{"ty":6,"nm":"Color 4","mn":"ADBE 4ColorGradient-0012","ix":10,"v":0},{"ty":0,"nm":"Blend","mn":"ADBE 4ColorGradient-0009","ix":11,"v":{"a":0,"k":5,"ix":11}},{"ty":0,"nm":"Jitter","mn":"ADBE 4ColorGradient-0010","ix":12,"v":{"a":0,"k":0,"ix":12}},{"ty":0,"nm":"Opacity","mn":"ADBE 4ColorGradient-0013","ix":13,"v":{"a":0,"k":100,"ix":13}},{"ty":7,"nm":"Blending Mode","mn":"ADBE 4ColorGradient-0014","ix":14,"v":{"a":0,"k":7,"ix":14}}]}],"shapes":[{"ty":"gr","it":[{"ind":0,"ty":"sh","ix":1,"ks":{"a":0,"k":{"i":[[0,0],[0,0],[0,0],[0,0]],"o":[[0,0],[0,0],[0,0],[0,0]],"v":[[-230.4,72.533],[-110.933,72.533],[-110.933,106.666],[-230.4,106.666]],"c":true},"ix":2},"nm":"Path 1","mn":"ADBE Vector Shape - Group","hd":false},{"ty":"fl","c":{"a":0,"k":[1,0.658782958984,0.239196777344,1],"ix":4},"o":{"a":0,"k":100,"ix":5},"r":1,"bm":0,"nm":"Fill 1","mn":"ADBE Vector Graphic - Fill","hd":false},{"ty":"tr","p":{"a":0,"k":[0,0],"ix":2},"a":{"a":0,"k":[0,0],"ix":1},"s":{"a":0,"k":[100,100],"ix":3},"r":{"a":0,"k":0,"ix":6},"o":{"a":0,"k":100,"ix":7},"sk":{"a":0,"k":0,"ix":4},"sa":{"a":0,"k":0,"ix":5},"nm":"Transform"}],"nm":"Group 11","np":2,"cix":2,"bm":0,"ix":1,"mn":"ADBE Vector Group","hd":false},{"ty":"rd","nm":"Round Corners 1","r":{"a":0,"k":5,"ix":1},"ix":2,"mn":"ADBE Vector Filter - RC","hd":false}],"ip":21,"op":190,"st":21,"bm":0},{"ddd":0,"ind":16,"ty":3,"nm":"null 1","sr":1,"ks":{"o":{"a":0,"k":0,"ix":11},"r":{"a":0,"k":0,"ix":10},"p":{"a":0,"k":[70,79.125,0],"ix":2},"a":{"a":0,"k":[50,50,0],"ix":1},"s":{"a":0,"k":[100,100,100],"ix":6}},"ao":0,"ip":20,"op":229,"st":20,"bm":0},{"ddd":0,"ind":17,"ty":4,"nm":"Group 24","parent":16,"sr":1,"ks":{"o":{"a":0,"k":100,"ix":11},"r":{"a":1,"k":[{"i":{"x":[0.17],"y":[1]},"o":{"x":[0.167],"y":[0.167]},"t":43,"s":[19]},{"i":{"x":[0.833],"y":[0.833]},"o":{"x":[0.83],"y":[0]},"t":49,"s":[-14]},{"i":{"x":[0.25],"y":[1]},"o":{"x":[0.167],"y":[0.167]},"t":56,"s":[9]},{"i":{"x":[0.833],"y":[1]},"o":{"x":[0.75],"y":[0]},"t":60,"s":[-4]},{"i":{"x":[0.17],"y":[1]},"o":{"x":[0.167],"y":[0]},"t":64,"s":[-4]},{"i":{"x":[0.833],"y":[1]},"o":{"x":[0.83],"y":[0]},"t":67,"s":[4]},{"t":70,"s":[0]}],"ix":10},"p":{"s":true,"x":{"a":0,"k":80,"ix":3},"y":{"a":1,"k":[{"i":{"x":[0.17],"y":[1]},"o":{"x":[0.167],"y":[0.167]},"t":43,"s":[320.75]},{"i":{"x":[0.833],"y":[0.833]},"o":{"x":[0.83],"y":[0]},"t":51,"s":[217.75]},{"i":{"x":[0.25],"y":[1]},"o":{"x":[0.167],"y":[0.167]},"t":56,"s":[311.75]},{"i":{"x":[0.833],"y":[0.833]},"o":{"x":[0.75],"y":[0]},"t":60,"s":[281.75]},{"i":{"x":[0.17],"y":[1]},"o":{"x":[0.167],"y":[0]},"t":64,"s":[316.75]},{"i":{"x":[0.833],"y":[0.833]},"o":{"x":[0.83],"y":[0]},"t":67,"s":[316.75]},{"t":70,"s":[320.75]}],"ix":4}},"a":{"a":0,"k":[-170.667,89.599,0],"ix":1},"s":{"a":1,"k":[{"i":{"x":[0.17,0.17,0.17],"y":[1,1,1]},"o":{"x":[0.167,0.167,0.167],"y":[0.167,0.167,0]},"t":43,"s":[0,0,100]},{"t":49,"s":[100,100,100]}],"ix":6}},"ao":0,"ef":[{"ty":5,"nm":"4-Color Gradient","np":16,"mn":"ADBE 4ColorGradient","ix":1,"en":1,"ef":[{"ty":6,"nm":"Positions & Colors","mn":"ADBE 4ColorGradient-0011","ix":1,"v":0},{"ty":3,"nm":"Point 1","mn":"ADBE 4ColorGradient-0001","ix":2,"v":{"a":0,"k":[33,347],"ix":2}},{"ty":2,"nm":"Color 1","mn":"ADBE 4ColorGradient-0002","ix":3,"v":{"a":0,"k":[0.980377197266,0.784301757813,0.235290527344,1],"ix":3}},{"ty":3,"nm":"Point 2","mn":"ADBE 4ColorGradient-0003","ix":4,"v":{"a":0,"k":[68,349],"ix":4}},{"ty":2,"nm":"Color 2","mn":"ADBE 4ColorGradient-0004","ix":5,"v":{"a":0,"k":[0.896087646484,0.617645263672,0.145111083984,1],"ix":5}},{"ty":3,"nm":"Point 3","mn":"ADBE 4ColorGradient-0005","ix":6,"v":{"a":0,"k":[108,350],"ix":6}},{"ty":2,"nm":"Color 3","mn":"ADBE 4ColorGradient-0006","ix":7,"v":{"a":0,"k":[0.998046875,0.841186523438,0.281372070313,1],"ix":7}},{"ty":3,"nm":"Point 4","mn":"ADBE 4ColorGradient-0007","ix":8,"v":{"a":0,"k":[170,351],"ix":8}},{"ty":2,"nm":"Color 4","mn":"ADBE 4ColorGradient-0008","ix":9,"v":{"a":0,"k":[0.934326171875,0.674499511719,0.154907226563,1],"ix":9}},{"ty":6,"nm":"Color 4","mn":"ADBE 4ColorGradient-0012","ix":10,"v":0},{"ty":0,"nm":"Blend","mn":"ADBE 4ColorGradient-0009","ix":11,"v":{"a":0,"k":5,"ix":11}},{"ty":0,"nm":"Jitter","mn":"ADBE 4ColorGradient-0010","ix":12,"v":{"a":0,"k":0,"ix":12}},{"ty":0,"nm":"Opacity","mn":"ADBE 4ColorGradient-0013","ix":13,"v":{"a":0,"k":100,"ix":13}},{"ty":7,"nm":"Blending Mode","mn":"ADBE 4ColorGradient-0014","ix":14,"v":{"a":0,"k":7,"ix":14}}]}],"shapes":[{"ty":"gr","it":[{"ind":0,"ty":"sh","ix":1,"ks":{"a":0,"k":{"i":[[0,0],[0,0],[0,0],[0,0]],"o":[[0,0],[0,0],[0,0],[0,0]],"v":[[-230.4,72.533],[-110.933,72.533],[-110.933,106.666],[-230.4,106.666]],"c":true},"ix":2},"nm":"Path 1","mn":"ADBE Vector Shape - Group","hd":false},{"ty":"fl","c":{"a":0,"k":[1,0.658782958984,0.239196777344,1],"ix":4},"o":{"a":0,"k":100,"ix":5},"r":1,"bm":0,"nm":"Fill 1","mn":"ADBE Vector Graphic - Fill","hd":false},{"ty":"tr","p":{"a":0,"k":[0,0],"ix":2},"a":{"a":0,"k":[0,0],"ix":1},"s":{"a":0,"k":[100,100],"ix":3},"r":{"a":0,"k":0,"ix":6},"o":{"a":0,"k":100,"ix":7},"sk":{"a":0,"k":0,"ix":4},"sa":{"a":0,"k":0,"ix":5},"nm":"Transform"}],"nm":"Group 11","np":2,"cix":2,"bm":0,"ix":1,"mn":"ADBE Vector Group","hd":false},{"ty":"rd","nm":"Round Corners 1","r":{"a":0,"k":5,"ix":1},"ix":2,"mn":"ADBE Vector Filter - RC","hd":false}],"ip":43,"op":185,"st":43,"bm":0},{"ddd":0,"ind":18,"ty":4,"nm":"Group 23","parent":16,"sr":1,"ks":{"o":{"a":0,"k":100,"ix":11},"r":{"a":1,"k":[{"i":{"x":[0.17],"y":[1]},"o":{"x":[0.167],"y":[0.167]},"t":33,"s":[19]},{"i":{"x":[0.833],"y":[0.833]},"o":{"x":[0.83],"y":[0]},"t":37,"s":[-14]},{"i":{"x":[0.25],"y":[1]},"o":{"x":[0.167],"y":[0.167]},"t":43,"s":[9]},{"i":{"x":[0.833],"y":[1]},"o":{"x":[0.75],"y":[0]},"t":46,"s":[-4]},{"i":{"x":[0.17],"y":[1]},"o":{"x":[0.167],"y":[0]},"t":48,"s":[-4]},{"i":{"x":[0.833],"y":[1]},"o":{"x":[0.83],"y":[0]},"t":51,"s":[4]},{"t":53,"s":[0]}],"ix":10,"x":"var $bm_rt;\n$bm_rt = $bm_mul(value, -1);"},"p":{"s":true,"x":{"a":0,"k":50,"ix":3},"y":{"a":1,"k":[{"i":{"x":[0.17],"y":[1]},"o":{"x":[0.167],"y":[0.167]},"t":33,"s":[353.5]},{"i":{"x":[0.833],"y":[0.833]},"o":{"x":[0.83],"y":[0]},"t":39,"s":[250.5]},{"i":{"x":[0.25],"y":[1]},"o":{"x":[0.167],"y":[0.167]},"t":43,"s":[344.5]},{"i":{"x":[0.833],"y":[0.833]},"o":{"x":[0.75],"y":[0]},"t":46,"s":[314.5]},{"i":{"x":[0.17],"y":[1]},"o":{"x":[0.167],"y":[0]},"t":48,"s":[349.5]},{"i":{"x":[0.833],"y":[0.833]},"o":{"x":[0.83],"y":[0]},"t":51,"s":[349.5]},{"t":53,"s":[353.5]}],"ix":4}},"a":{"a":0,"k":[-170.667,89.599,0],"ix":1},"s":{"a":1,"k":[{"i":{"x":[0.17,0.17,0.17],"y":[1,1,1]},"o":{"x":[0.167,0.167,0.167],"y":[0.167,0.167,0]},"t":33,"s":[0,0,100]},{"t":37,"s":[100,100,100]}],"ix":6}},"ao":0,"ef":[{"ty":5,"nm":"4-Color Gradient","np":16,"mn":"ADBE 4ColorGradient","ix":1,"en":1,"ef":[{"ty":6,"nm":"Positions & Colors","mn":"ADBE 4ColorGradient-0011","ix":1,"v":0},{"ty":3,"nm":"Point 1","mn":"ADBE 4ColorGradient-0001","ix":2,"v":{"a":0,"k":[3,380],"ix":2}},{"ty":2,"nm":"Color 1","mn":"ADBE 4ColorGradient-0002","ix":3,"v":{"a":0,"k":[0.980377197266,0.784301757813,0.235290527344,1],"ix":3}},{"ty":3,"nm":"Point 2","mn":"ADBE 4ColorGradient-0003","ix":4,"v":{"a":0,"k":[44,383],"ix":4}},{"ty":2,"nm":"Color 2","mn":"ADBE 4ColorGradient-0004","ix":5,"v":{"a":0,"k":[0.896087646484,0.617645263672,0.145111083984,1],"ix":5}},{"ty":3,"nm":"Point 3","mn":"ADBE 4ColorGradient-0005","ix":6,"v":{"a":0,"k":[85,381],"ix":6}},{"ty":2,"nm":"Color 3","mn":"ADBE 4ColorGradient-0006","ix":7,"v":{"a":0,"k":[0.998046875,0.841186523438,0.281372070313,1],"ix":7}},{"ty":3,"nm":"Point 4","mn":"ADBE 4ColorGradient-0007","ix":8,"v":{"a":0,"k":[144,383],"ix":8}},{"ty":2,"nm":"Color 4","mn":"ADBE 4ColorGradient-0008","ix":9,"v":{"a":0,"k":[0.934326171875,0.674499511719,0.154907226563,1],"ix":9}},{"ty":6,"nm":"Color 4","mn":"ADBE 4ColorGradient-0012","ix":10,"v":0},{"ty":0,"nm":"Blend","mn":"ADBE 4ColorGradient-0009","ix":11,"v":{"a":0,"k":5,"ix":11}},{"ty":0,"nm":"Jitter","mn":"ADBE 4ColorGradient-0010","ix":12,"v":{"a":0,"k":0,"ix":12}},{"ty":0,"nm":"Opacity","mn":"ADBE 4ColorGradient-0013","ix":13,"v":{"a":0,"k":100,"ix":13}},{"ty":7,"nm":"Blending Mode","mn":"ADBE 4ColorGradient-0014","ix":14,"v":{"a":0,"k":7,"ix":14}}]}],"shapes":[{"ty":"gr","it":[{"ind":0,"ty":"sh","ix":1,"ks":{"a":0,"k":{"i":[[0,0],[0,0],[0,0],[0,0]],"o":[[0,0],[0,0],[0,0],[0,0]],"v":[[-230.4,72.533],[-110.933,72.533],[-110.933,106.666],[-230.4,106.666]],"c":true},"ix":2},"nm":"Path 1","mn":"ADBE Vector Shape - Group","hd":false},{"ty":"fl","c":{"a":0,"k":[0.992126464844,0.713714599609,0.184295654297,1],"ix":4},"o":{"a":0,"k":100,"ix":5},"r":1,"bm":0,"nm":"Fill 1","mn":"ADBE Vector Graphic - Fill","hd":false},{"ty":"tr","p":{"a":0,"k":[0,0],"ix":2},"a":{"a":0,"k":[0,0],"ix":1},"s":{"a":0,"k":[100,100],"ix":3},"r":{"a":0,"k":0,"ix":6},"o":{"a":0,"k":100,"ix":7},"sk":{"a":0,"k":0,"ix":4},"sa":{"a":0,"k":0,"ix":5},"nm":"Transform"}],"nm":"Group 11","np":2,"cix":2,"bm":0,"ix":1,"mn":"ADBE Vector Group","hd":false},{"ty":"rd","nm":"Round Corners 1","r":{"a":0,"k":5,"ix":1},"ix":2,"mn":"ADBE Vector Filter - RC","hd":false}],"ip":33,"op":187,"st":33,"bm":0},{"ddd":0,"ind":19,"ty":4,"nm":"Group 22","parent":16,"sr":1,"ks":{"o":{"a":0,"k":100,"ix":11},"r":{"a":1,"k":[{"i":{"x":[0.17],"y":[1]},"o":{"x":[0.167],"y":[0.167]},"t":23,"s":[19]},{"i":{"x":[0.833],"y":[0.833]},"o":{"x":[0.83],"y":[0]},"t":27,"s":[-14]},{"i":{"x":[0.25],"y":[1]},"o":{"x":[0.167],"y":[0.167]},"t":33,"s":[9]},{"i":{"x":[0.833],"y":[1]},"o":{"x":[0.75],"y":[0]},"t":36,"s":[-4]},{"i":{"x":[0.17],"y":[1]},"o":{"x":[0.167],"y":[0]},"t":39,"s":[-4]},{"i":{"x":[0.833],"y":[1]},"o":{"x":[0.83],"y":[0]},"t":41,"s":[4]},{"t":43,"s":[0]}],"ix":10},"p":{"s":true,"x":{"a":0,"k":65,"ix":3},"y":{"a":1,"k":[{"i":{"x":[0.17],"y":[1]},"o":{"x":[0.167],"y":[0.167]},"t":23,"s":[386.75]},{"i":{"x":[0.833],"y":[0.833]},"o":{"x":[0.83],"y":[0]},"t":29,"s":[283.75]},{"i":{"x":[0.25],"y":[1]},"o":{"x":[0.167],"y":[0.167]},"t":33,"s":[377.75]},{"i":{"x":[0.833],"y":[0.833]},"o":{"x":[0.75],"y":[0]},"t":36,"s":[347.75]},{"i":{"x":[0.17],"y":[1]},"o":{"x":[0.167],"y":[0]},"t":39,"s":[382.75]},{"i":{"x":[0.833],"y":[0.833]},"o":{"x":[0.83],"y":[0]},"t":41,"s":[382.75]},{"t":43,"s":[386.75]}],"ix":4}},"a":{"a":0,"k":[-170.667,89.599,0],"ix":1},"s":{"a":1,"k":[{"i":{"x":[0.17,0.17,0.17],"y":[1,1,1]},"o":{"x":[0.167,0.167,0.167],"y":[0.167,0.167,0]},"t":23,"s":[0,0,100]},{"t":27,"s":[100,100,100]}],"ix":6}},"ao":0,"ef":[{"ty":5,"nm":"4-Color Gradient","np":16,"mn":"ADBE 4ColorGradient","ix":1,"en":1,"ef":[{"ty":6,"nm":"Positions & Colors","mn":"ADBE 4ColorGradient-0011","ix":1,"v":0},{"ty":3,"nm":"Point 1","mn":"ADBE 4ColorGradient-0001","ix":2,"v":{"a":0,"k":[14,414],"ix":2}},{"ty":2,"nm":"Color 1","mn":"ADBE 4ColorGradient-0002","ix":3,"v":{"a":0,"k":[0.980377197266,0.784301757813,0.235290527344,1],"ix":3}},{"ty":3,"nm":"Point 2","mn":"ADBE 4ColorGradient-0003","ix":4,"v":{"a":0,"k":[54,416],"ix":4}},{"ty":2,"nm":"Color 2","mn":"ADBE 4ColorGradient-0004","ix":5,"v":{"a":0,"k":[0.86274510622,0.588021874428,0.121799305081,1],"ix":5}},{"ty":3,"nm":"Point 3","mn":"ADBE 4ColorGradient-0005","ix":6,"v":{"a":0,"k":[106,415],"ix":6}},{"ty":2,"nm":"Color 3","mn":"ADBE 4ColorGradient-0006","ix":7,"v":{"a":0,"k":[0.998046875,0.841186523438,0.281372070313,1],"ix":7}},{"ty":3,"nm":"Point 4","mn":"ADBE 4ColorGradient-0007","ix":8,"v":{"a":0,"k":[155,417],"ix":8}},{"ty":2,"nm":"Color 4","mn":"ADBE 4ColorGradient-0008","ix":9,"v":{"a":0,"k":[0.934326171875,0.674499511719,0.154907226563,1],"ix":9}},{"ty":6,"nm":"Color 4","mn":"ADBE 4ColorGradient-0012","ix":10,"v":0},{"ty":0,"nm":"Blend","mn":"ADBE 4ColorGradient-0009","ix":11,"v":{"a":0,"k":5,"ix":11}},{"ty":0,"nm":"Jitter","mn":"ADBE 4ColorGradient-0010","ix":12,"v":{"a":0,"k":0,"ix":12}},{"ty":0,"nm":"Opacity","mn":"ADBE 4ColorGradient-0013","ix":13,"v":{"a":0,"k":100,"ix":13}},{"ty":7,"nm":"Blending Mode","mn":"ADBE 4ColorGradient-0014","ix":14,"v":{"a":0,"k":7,"ix":14}}]}],"shapes":[{"ty":"gr","it":[{"ind":0,"ty":"sh","ix":1,"ks":{"a":0,"k":{"i":[[0,0],[0,0],[0,0],[0,0]],"o":[[0,0],[0,0],[0,0],[0,0]],"v":[[-230.4,72.533],[-110.933,72.533],[-110.933,106.666],[-230.4,106.666]],"c":true},"ix":2},"nm":"Path 1","mn":"ADBE Vector Shape - Group","hd":false},{"ty":"fl","c":{"a":0,"k":[1,0.658782958984,0.239196777344,1],"ix":4},"o":{"a":0,"k":100,"ix":5},"r":1,"bm":0,"nm":"Fill 1","mn":"ADBE Vector Graphic - Fill","hd":false},{"ty":"tr","p":{"a":0,"k":[0,0],"ix":2},"a":{"a":0,"k":[0,0],"ix":1},"s":{"a":0,"k":[100,100],"ix":3},"r":{"a":0,"k":0,"ix":6},"o":{"a":0,"k":100,"ix":7},"sk":{"a":0,"k":0,"ix":4},"sa":{"a":0,"k":0,"ix":5},"nm":"Transform"}],"nm":"Group 11","np":2,"cix":2,"bm":0,"ix":1,"mn":"ADBE Vector Group","hd":false},{"ty":"rd","nm":"Round Corners 1","r":{"a":0,"k":5,"ix":1},"ix":2,"mn":"ADBE Vector Filter - RC","hd":false}],"ip":23,"op":189,"st":23,"bm":0},{"ddd":0,"ind":20,"ty":4,"nm":"Group 21","parent":16,"sr":1,"ks":{"o":{"a":0,"k":100,"ix":11},"r":{"a":1,"k":[{"i":{"x":[0.17],"y":[1]},"o":{"x":[0.167],"y":[0.167]},"t":13,"s":[19]},{"i":{"x":[0.833],"y":[0.833]},"o":{"x":[0.83],"y":[0]},"t":17,"s":[-14]},{"i":{"x":[0.25],"y":[1]},"o":{"x":[0.167],"y":[0.167]},"t":23,"s":[9]},{"i":{"x":[0.833],"y":[1]},"o":{"x":[0.75],"y":[0]},"t":26,"s":[-4]},{"i":{"x":[0.17],"y":[1]},"o":{"x":[0.167],"y":[0]},"t":29,"s":[-4]},{"i":{"x":[0.833],"y":[1]},"o":{"x":[0.83],"y":[0]},"t":31,"s":[4]},{"t":33,"s":[0]}],"ix":10,"x":"var $bm_rt;\n$bm_rt = $bm_mul(value, -1);"},"p":{"s":true,"x":{"a":0,"k":65,"ix":3},"y":{"a":1,"k":[{"i":{"x":[0.17],"y":[1]},"o":{"x":[0.167],"y":[0.167]},"t":13,"s":[419.25]},{"i":{"x":[0.833],"y":[0.833]},"o":{"x":[0.83],"y":[0]},"t":19,"s":[316.25]},{"i":{"x":[0.25],"y":[1]},"o":{"x":[0.167],"y":[0.167]},"t":23,"s":[410.25]},{"i":{"x":[0.833],"y":[0.833]},"o":{"x":[0.75],"y":[0]},"t":26,"s":[380.25]},{"i":{"x":[0.17],"y":[1]},"o":{"x":[0.167],"y":[0]},"t":29,"s":[415.25]},{"i":{"x":[0.833],"y":[0.833]},"o":{"x":[0.83],"y":[0]},"t":31,"s":[415.25]},{"i":{"x":[0.833],"y":[0.833]},"o":{"x":[0.167],"y":[0.167]},"t":33,"s":[419.25]},{"t":129,"s":[419.25]}],"ix":4}},"a":{"a":0,"k":[-170.667,89.599,0],"ix":1},"s":{"a":1,"k":[{"i":{"x":[0.17,0.17,0.17],"y":[1,1,1]},"o":{"x":[0.167,0.167,0.167],"y":[0.167,0.167,0]},"t":13,"s":[0,0,100]},{"t":17,"s":[100,100,100]}],"ix":6}},"ao":0,"ef":[{"ty":5,"nm":"4-Color Gradient","np":16,"mn":"ADBE 4ColorGradient","ix":1,"en":1,"ef":[{"ty":6,"nm":"Positions & Colors","mn":"ADBE 4ColorGradient-0011","ix":1,"v":0},{"ty":3,"nm":"Point 1","mn":"ADBE 4ColorGradient-0001","ix":2,"v":{"a":0,"k":[14,450],"ix":2}},{"ty":2,"nm":"Color 1","mn":"ADBE 4ColorGradient-0002","ix":3,"v":{"a":0,"k":[0.980377197266,0.784301757813,0.235290527344,1],"ix":3}},{"ty":3,"nm":"Point 2","mn":"ADBE 4ColorGradient-0003","ix":4,"v":{"a":0,"k":[57,447],"ix":4}},{"ty":2,"nm":"Color 2","mn":"ADBE 4ColorGradient-0004","ix":5,"v":{"a":0,"k":[0.896087646484,0.617645263672,0.145111083984,1],"ix":5}},{"ty":3,"nm":"Point 3","mn":"ADBE 4ColorGradient-0005","ix":6,"v":{"a":0,"k":[97,451],"ix":6}},{"ty":2,"nm":"Color 3","mn":"ADBE 4ColorGradient-0006","ix":7,"v":{"a":0,"k":[0.998046875,0.841186523438,0.281372070313,1],"ix":7}},{"ty":3,"nm":"Point 4","mn":"ADBE 4ColorGradient-0007","ix":8,"v":{"a":0,"k":[158,449],"ix":8}},{"ty":2,"nm":"Color 4","mn":"ADBE 4ColorGradient-0008","ix":9,"v":{"a":0,"k":[0.934326171875,0.674499511719,0.154907226563,1],"ix":9}},{"ty":6,"nm":"Color 4","mn":"ADBE 4ColorGradient-0012","ix":10,"v":0},{"ty":0,"nm":"Blend","mn":"ADBE 4ColorGradient-0009","ix":11,"v":{"a":0,"k":5,"ix":11}},{"ty":0,"nm":"Jitter","mn":"ADBE 4ColorGradient-0010","ix":12,"v":{"a":0,"k":0,"ix":12}},{"ty":0,"nm":"Opacity","mn":"ADBE 4ColorGradient-0013","ix":13,"v":{"a":0,"k":100,"ix":13}},{"ty":7,"nm":"Blending Mode","mn":"ADBE 4ColorGradient-0014","ix":14,"v":{"a":0,"k":7,"ix":14}}]}],"shapes":[{"ty":"gr","it":[{"ind":0,"ty":"sh","ix":1,"ks":{"a":0,"k":{"i":[[0,0],[0,0],[0,0],[0,0]],"o":[[0,0],[0,0],[0,0],[0,0]],"v":[[-230.4,72.533],[-110.933,72.533],[-110.933,106.666],[-230.4,106.666]],"c":true},"ix":2},"nm":"Path 1","mn":"ADBE Vector Shape - Group","hd":false},{"ty":"fl","c":{"a":0,"k":[0.992126464844,0.713714599609,0.184295654297,1],"ix":4},"o":{"a":0,"k":100,"ix":5},"r":1,"bm":0,"nm":"Fill 1","mn":"ADBE Vector Graphic - Fill","hd":false},{"ty":"tr","p":{"a":0,"k":[0,0],"ix":2},"a":{"a":0,"k":[0,0],"ix":1},"s":{"a":0,"k":[100,100],"ix":3},"r":{"a":0,"k":0,"ix":6},"o":{"a":0,"k":100,"ix":7},"sk":{"a":0,"k":0,"ix":4},"sa":{"a":0,"k":0,"ix":5},"nm":"Transform"}],"nm":"Group 11","np":2,"cix":2,"bm":0,"ix":1,"mn":"ADBE Vector Group","hd":false},{"ty":"rd","nm":"Round Corners 1","r":{"a":0,"k":5,"ix":1},"ix":2,"mn":"ADBE Vector Filter - RC","hd":false}],"ip":13,"op":191,"st":13,"bm":0},{"ddd":0,"ind":21,"ty":4,"nm":"Group 20","parent":16,"sr":1,"ks":{"o":{"a":0,"k":100,"ix":11},"r":{"a":1,"k":[{"i":{"x":[0.17],"y":[1]},"o":{"x":[0.167],"y":[0.167]},"t":3,"s":[19]},{"i":{"x":[0.833],"y":[0.833]},"o":{"x":[0.83],"y":[0]},"t":8,"s":[-14]},{"i":{"x":[0.25],"y":[1]},"o":{"x":[0.167],"y":[0.167]},"t":13,"s":[9]},{"i":{"x":[0.833],"y":[1]},"o":{"x":[0.75],"y":[0]},"t":15,"s":[-4]},{"i":{"x":[0.17],"y":[1]},"o":{"x":[0.167],"y":[0]},"t":18,"s":[-4]},{"i":{"x":[0.833],"y":[1]},"o":{"x":[0.83],"y":[0]},"t":21,"s":[4]},{"t":23,"s":[0]}],"ix":10},"p":{"s":true,"x":{"a":0,"k":80,"ix":3},"y":{"a":1,"k":[{"i":{"x":[0.17],"y":[1]},"o":{"x":[0.167],"y":[0.167]},"t":3,"s":[453.25]},{"i":{"x":[0.833],"y":[0.833]},"o":{"x":[0.83],"y":[0]},"t":9,"s":[350.25]},{"i":{"x":[0.25],"y":[1]},"o":{"x":[0.167],"y":[0.167]},"t":13,"s":[444.25]},{"i":{"x":[0.833],"y":[0.833]},"o":{"x":[0.75],"y":[0]},"t":15,"s":[414.25]},{"i":{"x":[0.17],"y":[1]},"o":{"x":[0.167],"y":[0]},"t":18,"s":[449.25]},{"i":{"x":[0.833],"y":[0.833]},"o":{"x":[0.83],"y":[0]},"t":21,"s":[449.25]},{"t":23,"s":[453.25]}],"ix":4}},"a":{"a":0,"k":[-170.667,89.599,0],"ix":1},"s":{"a":1,"k":[{"i":{"x":[0.17,0.17,0.17],"y":[1,1,1]},"o":{"x":[0.167,0.167,0.167],"y":[0.167,0.167,0]},"t":3,"s":[0,0,100]},{"t":8,"s":[100,100,100]}],"ix":6}},"ao":0,"ef":[{"ty":5,"nm":"4-Color Gradient","np":16,"mn":"ADBE 4ColorGradient","ix":1,"en":1,"ef":[{"ty":6,"nm":"Positions & Colors","mn":"ADBE 4ColorGradient-0011","ix":1,"v":0},{"ty":3,"nm":"Point 1","mn":"ADBE 4ColorGradient-0001","ix":2,"v":{"a":0,"k":[26,485],"ix":2}},{"ty":2,"nm":"Color 1","mn":"ADBE 4ColorGradient-0002","ix":3,"v":{"a":0,"k":[0.980377197266,0.784301757813,0.235290527344,1],"ix":3}},{"ty":3,"nm":"Point 2","mn":"ADBE 4ColorGradient-0003","ix":4,"v":{"a":0,"k":[63,485],"ix":4}},{"ty":2,"nm":"Color 2","mn":"ADBE 4ColorGradient-0004","ix":5,"v":{"a":0,"k":[0.896087646484,0.617645263672,0.145111083984,1],"ix":5}},{"ty":3,"nm":"Point 3","mn":"ADBE 4ColorGradient-0005","ix":6,"v":{"a":0,"k":[105,482],"ix":6}},{"ty":2,"nm":"Color 3","mn":"ADBE 4ColorGradient-0006","ix":7,"v":{"a":0,"k":[0.998046875,0.841186523438,0.281372070313,1],"ix":7}},{"ty":3,"nm":"Point 4","mn":"ADBE 4ColorGradient-0007","ix":8,"v":{"a":0,"k":[169,487],"ix":8}},{"ty":2,"nm":"Color 4","mn":"ADBE 4ColorGradient-0008","ix":9,"v":{"a":0,"k":[0.934326171875,0.674499511719,0.154907226563,1],"ix":9}},{"ty":6,"nm":"Color 4","mn":"ADBE 4ColorGradient-0012","ix":10,"v":0},{"ty":0,"nm":"Blend","mn":"ADBE 4ColorGradient-0009","ix":11,"v":{"a":0,"k":5,"ix":11}},{"ty":0,"nm":"Jitter","mn":"ADBE 4ColorGradient-0010","ix":12,"v":{"a":0,"k":0,"ix":12}},{"ty":0,"nm":"Opacity","mn":"ADBE 4ColorGradient-0013","ix":13,"v":{"a":0,"k":100,"ix":13}},{"ty":7,"nm":"Blending Mode","mn":"ADBE 4ColorGradient-0014","ix":14,"v":{"a":0,"k":7,"ix":14}}]}],"shapes":[{"ty":"gr","it":[{"ind":0,"ty":"sh","ix":1,"ks":{"a":0,"k":{"i":[[0,0],[0,0],[0,0],[0,0]],"o":[[0,0],[0,0],[0,0],[0,0]],"v":[[-230.4,72.533],[-110.933,72.533],[-110.933,106.666],[-230.4,106.666]],"c":true},"ix":2},"nm":"Path 1","mn":"ADBE Vector Shape - Group","hd":false},{"ty":"fl","c":{"a":0,"k":[1,0.658782958984,0.239196777344,1],"ix":4},"o":{"a":0,"k":100,"ix":5},"r":1,"bm":0,"nm":"Fill 1","mn":"ADBE Vector Graphic - Fill","hd":false},{"ty":"tr","p":{"a":0,"k":[0,0],"ix":2},"a":{"a":0,"k":[0,0],"ix":1},"s":{"a":0,"k":[100,100],"ix":3},"r":{"a":0,"k":0,"ix":6},"o":{"a":0,"k":100,"ix":7},"sk":{"a":0,"k":0,"ix":4},"sa":{"a":0,"k":0,"ix":5},"nm":"Transform"}],"nm":"Group 11","np":2,"cix":2,"bm":0,"ix":1,"mn":"ADBE Vector Group","hd":false},{"ty":"rd","nm":"Round Corners 1","r":{"a":0,"k":5,"ix":1},"ix":2,"mn":"ADBE Vector Filter - RC","hd":false}],"ip":3,"op":193,"st":3,"bm":0},{"ddd":0,"ind":22,"ty":3,"nm":"Null 2","sr":1,"ks":{"o":{"a":0,"k":0,"ix":11},"r":{"a":0,"k":0,"ix":10},"p":{"a":0,"k":[234,79.125,0],"ix":2},"a":{"a":0,"k":[50,50,0],"ix":1},"s":{"a":0,"k":[100,100,100],"ix":6}},"ao":0,"ip":17,"op":226,"st":17,"bm":0},{"ddd":0,"ind":23,"ty":4,"nm":"Group 19","parent":22,"sr":1,"ks":{"o":{"a":0,"k":100,"ix":11},"r":{"a":1,"k":[{"i":{"x":[0.17],"y":[1]},"o":{"x":[0.167],"y":[0.167]},"t":73,"s":[19]},{"i":{"x":[0.833],"y":[0.833]},"o":{"x":[0.83],"y":[0]},"t":79,"s":[-14]},{"i":{"x":[0.25],"y":[1]},"o":{"x":[0.167],"y":[0.167]},"t":86,"s":[9]},{"i":{"x":[0.833],"y":[1]},"o":{"x":[0.75],"y":[0]},"t":90,"s":[-4]},{"i":{"x":[0.17],"y":[1]},"o":{"x":[0.167],"y":[0]},"t":94,"s":[-4]},{"i":{"x":[0.833],"y":[1]},"o":{"x":[0.83],"y":[0]},"t":97,"s":[4]},{"t":100,"s":[0]}],"ix":10,"x":"var $bm_rt;\n$bm_rt = $bm_mul(value, -1);"},"p":{"s":true,"x":{"a":0,"k":50,"ix":3},"y":{"a":1,"k":[{"i":{"x":[0.17],"y":[1]},"o":{"x":[0.167],"y":[0.167]},"t":73,"s":[219.5]},{"i":{"x":[0.833],"y":[0.833]},"o":{"x":[0.83],"y":[0]},"t":81,"s":[116.5]},{"i":{"x":[0.25],"y":[1]},"o":{"x":[0.167],"y":[0.167]},"t":86,"s":[210.5]},{"i":{"x":[0.833],"y":[0.833]},"o":{"x":[0.75],"y":[0]},"t":90,"s":[180.5]},{"i":{"x":[0.17],"y":[1]},"o":{"x":[0.167],"y":[0]},"t":94,"s":[215.5]},{"i":{"x":[0.833],"y":[0.833]},"o":{"x":[0.83],"y":[0]},"t":97,"s":[215.5]},{"t":100,"s":[219.5]}],"ix":4}},"a":{"a":0,"k":[-170.667,89.599,0],"ix":1},"s":{"a":1,"k":[{"i":{"x":[0.17,0.17,0.17],"y":[1,1,1]},"o":{"x":[0.167,0.167,0.167],"y":[0.167,0.167,0]},"t":73,"s":[0,0,100]},{"t":79,"s":[100,100,100]}],"ix":6}},"ao":0,"ef":[{"ty":5,"nm":"4-Color Gradient","np":16,"mn":"ADBE 4ColorGradient","ix":1,"en":1,"ef":[{"ty":6,"nm":"Positions & Colors","mn":"ADBE 4ColorGradient-0011","ix":1,"v":0},{"ty":3,"nm":"Point 1","mn":"ADBE 4ColorGradient-0001","ix":2,"v":{"a":0,"k":[176,247],"ix":2}},{"ty":2,"nm":"Color 1","mn":"ADBE 4ColorGradient-0002","ix":3,"v":{"a":0,"k":[0.980377197266,0.784301757813,0.235290527344,1],"ix":3}},{"ty":3,"nm":"Point 2","mn":"ADBE 4ColorGradient-0003","ix":4,"v":{"a":0,"k":[214,247],"ix":4}},{"ty":2,"nm":"Color 2","mn":"ADBE 4ColorGradient-0004","ix":5,"v":{"a":0,"k":[0.896087646484,0.617645263672,0.145111083984,1],"ix":5}},{"ty":3,"nm":"Point 3","mn":"ADBE 4ColorGradient-0005","ix":6,"v":{"a":0,"k":[256,246],"ix":6}},{"ty":2,"nm":"Color 3","mn":"ADBE 4ColorGradient-0006","ix":7,"v":{"a":0,"k":[0.998046875,0.841186523438,0.281372070313,1],"ix":7}},{"ty":3,"nm":"Point 4","mn":"ADBE 4ColorGradient-0007","ix":8,"v":{"a":0,"k":[293,251],"ix":8}},{"ty":2,"nm":"Color 4","mn":"ADBE 4ColorGradient-0008","ix":9,"v":{"a":0,"k":[0.934326171875,0.674499511719,0.154907226563,1],"ix":9}},{"ty":6,"nm":"Color 4","mn":"ADBE 4ColorGradient-0012","ix":10,"v":0},{"ty":0,"nm":"Blend","mn":"ADBE 4ColorGradient-0009","ix":11,"v":{"a":0,"k":5,"ix":11}},{"ty":0,"nm":"Jitter","mn":"ADBE 4ColorGradient-0010","ix":12,"v":{"a":0,"k":0,"ix":12}},{"ty":0,"nm":"Opacity","mn":"ADBE 4ColorGradient-0013","ix":13,"v":{"a":0,"k":100,"ix":13}},{"ty":7,"nm":"Blending Mode","mn":"ADBE 4ColorGradient-0014","ix":14,"v":{"a":0,"k":7,"ix":14}}]}],"shapes":[{"ty":"gr","it":[{"ind":0,"ty":"sh","ix":1,"ks":{"a":0,"k":{"i":[[0,0],[0,0],[0,0],[0,0]],"o":[[0,0],[0,0],[0,0],[0,0]],"v":[[-230.4,72.533],[-110.933,72.533],[-110.933,106.666],[-230.4,106.666]],"c":true},"ix":2},"nm":"Path 1","mn":"ADBE Vector Shape - Group","hd":false},{"ty":"fl","c":{"a":0,"k":[0.992095947266,0.713684082031,0.184295654297,1],"ix":4},"o":{"a":0,"k":100,"ix":5},"r":1,"bm":0,"nm":"Fill 1","mn":"ADBE Vector Graphic - Fill","hd":false},{"ty":"tr","p":{"a":0,"k":[0,0],"ix":2},"a":{"a":0,"k":[0,0],"ix":1},"s":{"a":0,"k":[100,100],"ix":3},"r":{"a":0,"k":0,"ix":6},"o":{"a":0,"k":100,"ix":7},"sk":{"a":0,"k":0,"ix":4},"sa":{"a":0,"k":0,"ix":5},"nm":"Transform"}],"nm":"Group 11","np":2,"cix":2,"bm":0,"ix":1,"mn":"ADBE Vector Group","hd":false},{"ty":"rd","nm":"Round Corners 1","r":{"a":0,"k":5,"ix":1},"ix":2,"mn":"ADBE Vector Filter - RC","hd":false}],"ip":73,"op":200,"st":73,"bm":0},{"ddd":0,"ind":24,"ty":4,"nm":"Group 18","parent":22,"sr":1,"ks":{"o":{"a":0,"k":100,"ix":11},"r":{"a":1,"k":[{"i":{"x":[0.17],"y":[1]},"o":{"x":[0.167],"y":[0.167]},"t":63,"s":[19]},{"i":{"x":[0.833],"y":[0.833]},"o":{"x":[0.83],"y":[0]},"t":67,"s":[-14]},{"i":{"x":[0.25],"y":[1]},"o":{"x":[0.167],"y":[0.167]},"t":73,"s":[9]},{"i":{"x":[0.833],"y":[1]},"o":{"x":[0.75],"y":[0]},"t":76,"s":[-4]},{"i":{"x":[0.17],"y":[1]},"o":{"x":[0.167],"y":[0]},"t":79,"s":[-4]},{"i":{"x":[0.833],"y":[1]},"o":{"x":[0.83],"y":[0]},"t":81,"s":[4]},{"t":83,"s":[0]}],"ix":10},"p":{"s":true,"x":{"a":0,"k":80,"ix":3},"y":{"a":1,"k":[{"i":{"x":[0.17],"y":[1]},"o":{"x":[0.167],"y":[0.167]},"t":63,"s":[252.75]},{"i":{"x":[0.833],"y":[0.833]},"o":{"x":[0.83],"y":[0]},"t":69,"s":[149.75]},{"i":{"x":[0.25],"y":[1]},"o":{"x":[0.167],"y":[0.167]},"t":73,"s":[243.75]},{"i":{"x":[0.833],"y":[0.833]},"o":{"x":[0.75],"y":[0]},"t":76,"s":[213.75]},{"i":{"x":[0.17],"y":[1]},"o":{"x":[0.167],"y":[0]},"t":79,"s":[248.75]},{"i":{"x":[0.833],"y":[0.833]},"o":{"x":[0.83],"y":[0]},"t":81,"s":[248.75]},{"t":83,"s":[252.75]}],"ix":4}},"a":{"a":0,"k":[-170.667,89.599,0],"ix":1},"s":{"a":1,"k":[{"i":{"x":[0.17,0.17,0.17],"y":[1,1,1]},"o":{"x":[0.167,0.167,0.167],"y":[0.167,0.167,0]},"t":63,"s":[0,0,100]},{"t":67,"s":[100,100,100]}],"ix":6}},"ao":0,"ef":[{"ty":5,"nm":"4-Color Gradient","np":16,"mn":"ADBE 4ColorGradient","ix":1,"en":1,"ef":[{"ty":6,"nm":"Positions & Colors","mn":"ADBE 4ColorGradient-0011","ix":1,"v":0},{"ty":3,"nm":"Point 1","mn":"ADBE 4ColorGradient-0001","ix":2,"v":{"a":0,"k":[192,282],"ix":2}},{"ty":2,"nm":"Color 1","mn":"ADBE 4ColorGradient-0002","ix":3,"v":{"a":0,"k":[0.980377197266,0.784301757813,0.235290527344,1],"ix":3}},{"ty":3,"nm":"Point 2","mn":"ADBE 4ColorGradient-0003","ix":4,"v":{"a":0,"k":[234,279],"ix":4}},{"ty":2,"nm":"Color 2","mn":"ADBE 4ColorGradient-0004","ix":5,"v":{"a":0,"k":[0.896087646484,0.617645263672,0.145111083984,1],"ix":5}},{"ty":3,"nm":"Point 3","mn":"ADBE 4ColorGradient-0005","ix":6,"v":{"a":0,"k":[267,276],"ix":6}},{"ty":2,"nm":"Color 3","mn":"ADBE 4ColorGradient-0006","ix":7,"v":{"a":0,"k":[0.998046875,0.841186523438,0.281372070313,1],"ix":7}},{"ty":3,"nm":"Point 4","mn":"ADBE 4ColorGradient-0007","ix":8,"v":{"a":0,"k":[318,277],"ix":8}},{"ty":2,"nm":"Color 4","mn":"ADBE 4ColorGradient-0008","ix":9,"v":{"a":0,"k":[0.934326171875,0.674499511719,0.154907226563,1],"ix":9}},{"ty":6,"nm":"Color 4","mn":"ADBE 4ColorGradient-0012","ix":10,"v":0},{"ty":0,"nm":"Blend","mn":"ADBE 4ColorGradient-0009","ix":11,"v":{"a":0,"k":5,"ix":11}},{"ty":0,"nm":"Jitter","mn":"ADBE 4ColorGradient-0010","ix":12,"v":{"a":0,"k":0,"ix":12}},{"ty":0,"nm":"Opacity","mn":"ADBE 4ColorGradient-0013","ix":13,"v":{"a":0,"k":100,"ix":13}},{"ty":7,"nm":"Blending Mode","mn":"ADBE 4ColorGradient-0014","ix":14,"v":{"a":0,"k":7,"ix":14}}]}],"shapes":[{"ty":"gr","it":[{"ind":0,"ty":"sh","ix":1,"ks":{"a":0,"k":{"i":[[0,0],[0,0],[0,0],[0,0]],"o":[[0,0],[0,0],[0,0],[0,0]],"v":[[-230.4,72.533],[-110.933,72.533],[-110.933,106.666],[-230.4,106.666]],"c":true},"ix":2},"nm":"Path 1","mn":"ADBE Vector Shape - Group","hd":false},{"ty":"fl","c":{"a":0,"k":[1,0.658752441406,0.239196777344,1],"ix":4},"o":{"a":0,"k":100,"ix":5},"r":1,"bm":0,"nm":"Fill 1","mn":"ADBE Vector Graphic - Fill","hd":false},{"ty":"tr","p":{"a":0,"k":[0,0],"ix":2},"a":{"a":0,"k":[0,0],"ix":1},"s":{"a":0,"k":[100,100],"ix":3},"r":{"a":0,"k":0,"ix":6},"o":{"a":0,"k":100,"ix":7},"sk":{"a":0,"k":0,"ix":4},"sa":{"a":0,"k":0,"ix":5},"nm":"Transform"}],"nm":"Group 11","np":2,"cix":2,"bm":0,"ix":1,"mn":"ADBE Vector Group","hd":false},{"ty":"rd","nm":"Round Corners 1","r":{"a":0,"k":5,"ix":1},"ix":2,"mn":"ADBE Vector Filter - RC","hd":false}],"ip":63,"op":202,"st":63,"bm":0},{"ddd":0,"ind":25,"ty":4,"nm":"Group 17","parent":22,"sr":1,"ks":{"o":{"a":0,"k":100,"ix":11},"r":{"a":1,"k":[{"i":{"x":[0.17],"y":[1]},"o":{"x":[0.167],"y":[0.167]},"t":53,"s":[19]},{"i":{"x":[0.833],"y":[0.833]},"o":{"x":[0.83],"y":[0]},"t":57.444,"s":[-14]},{"i":{"x":[0.25],"y":[1]},"o":{"x":[0.167],"y":[0.167]},"t":62.63,"s":[9]},{"i":{"x":[0.833],"y":[1]},"o":{"x":[0.75],"y":[0]},"t":65.593,"s":[-4]},{"i":{"x":[0.17],"y":[1]},"o":{"x":[0.167],"y":[0]},"t":68.556,"s":[-4]},{"i":{"x":[0.833],"y":[1]},"o":{"x":[0.83],"y":[0]},"t":70.777,"s":[4]},{"t":73,"s":[0]}],"ix":10,"x":"var $bm_rt;\n$bm_rt = $bm_mul(value, -1);"},"p":{"s":true,"x":{"a":0,"k":50,"ix":3},"y":{"a":1,"k":[{"i":{"x":[0.17],"y":[1]},"o":{"x":[0.167],"y":[0.167]},"t":53,"s":[286.5]},{"i":{"x":[0.833],"y":[0.833]},"o":{"x":[0.83],"y":[0]},"t":58.926,"s":[183.5]},{"i":{"x":[0.25],"y":[1]},"o":{"x":[0.167],"y":[0.167]},"t":62.63,"s":[277.5]},{"i":{"x":[0.833],"y":[0.833]},"o":{"x":[0.75],"y":[0]},"t":65.593,"s":[247.5]},{"i":{"x":[0.17],"y":[1]},"o":{"x":[0.167],"y":[0]},"t":68.556,"s":[282.5]},{"i":{"x":[0.833],"y":[0.833]},"o":{"x":[0.83],"y":[0]},"t":70.777,"s":[282.5]},{"t":73,"s":[286.5]}],"ix":4}},"a":{"a":0,"k":[-170.667,89.599,0],"ix":1},"s":{"a":1,"k":[{"i":{"x":[0.17,0.17,0.17],"y":[1,1,1]},"o":{"x":[0.167,0.167,0.167],"y":[0.167,0.167,0]},"t":53,"s":[0,0,100]},{"t":57.4443359375,"s":[100,100,100]}],"ix":6}},"ao":0,"ef":[{"ty":5,"nm":"4-Color Gradient","np":16,"mn":"ADBE 4ColorGradient","ix":1,"en":1,"ef":[{"ty":6,"nm":"Positions & Colors","mn":"ADBE 4ColorGradient-0011","ix":1,"v":0},{"ty":3,"nm":"Point 1","mn":"ADBE 4ColorGradient-0001","ix":2,"v":{"a":0,"k":[164,317],"ix":2}},{"ty":2,"nm":"Color 1","mn":"ADBE 4ColorGradient-0002","ix":3,"v":{"a":0,"k":[0.980377197266,0.784301757813,0.235290527344,1],"ix":3}},{"ty":3,"nm":"Point 2","mn":"ADBE 4ColorGradient-0003","ix":4,"v":{"a":0,"k":[205,315],"ix":4}},{"ty":2,"nm":"Color 2","mn":"ADBE 4ColorGradient-0004","ix":5,"v":{"a":0,"k":[0.896087646484,0.617645263672,0.145111083984,1],"ix":5}},{"ty":3,"nm":"Point 3","mn":"ADBE 4ColorGradient-0005","ix":6,"v":{"a":0,"k":[246,315],"ix":6}},{"ty":2,"nm":"Color 3","mn":"ADBE 4ColorGradient-0006","ix":7,"v":{"a":0,"k":[0.998046875,0.841186523438,0.281372070313,1],"ix":7}},{"ty":3,"nm":"Point 4","mn":"ADBE 4ColorGradient-0007","ix":8,"v":{"a":0,"k":[298,316],"ix":8}},{"ty":2,"nm":"Color 4","mn":"ADBE 4ColorGradient-0008","ix":9,"v":{"a":0,"k":[0.934326171875,0.674499511719,0.154907226563,1],"ix":9}},{"ty":6,"nm":"Color 4","mn":"ADBE 4ColorGradient-0012","ix":10,"v":0},{"ty":0,"nm":"Blend","mn":"ADBE 4ColorGradient-0009","ix":11,"v":{"a":0,"k":5,"ix":11}},{"ty":0,"nm":"Jitter","mn":"ADBE 4ColorGradient-0010","ix":12,"v":{"a":0,"k":0,"ix":12}},{"ty":0,"nm":"Opacity","mn":"ADBE 4ColorGradient-0013","ix":13,"v":{"a":0,"k":100,"ix":13}},{"ty":7,"nm":"Blending Mode","mn":"ADBE 4ColorGradient-0014","ix":14,"v":{"a":0,"k":7,"ix":14}}]}],"shapes":[{"ty":"gr","it":[{"ind":0,"ty":"sh","ix":1,"ks":{"a":0,"k":{"i":[[0,0],[0,0],[0,0],[0,0]],"o":[[0,0],[0,0],[0,0],[0,0]],"v":[[-230.4,72.533],[-110.933,72.533],[-110.933,106.666],[-230.4,106.666]],"c":true},"ix":2},"nm":"Path 1","mn":"ADBE Vector Shape - Group","hd":false},{"ty":"fl","c":{"a":0,"k":[0.992126464844,0.713714599609,0.184295654297,1],"ix":4},"o":{"a":0,"k":100,"ix":5},"r":1,"bm":0,"nm":"Fill 1","mn":"ADBE Vector Graphic - Fill","hd":false},{"ty":"tr","p":{"a":0,"k":[0,0],"ix":2},"a":{"a":0,"k":[0,0],"ix":1},"s":{"a":0,"k":[100,100],"ix":3},"r":{"a":0,"k":0,"ix":6},"o":{"a":0,"k":100,"ix":7},"sk":{"a":0,"k":0,"ix":4},"sa":{"a":0,"k":0,"ix":5},"nm":"Transform"}],"nm":"Group 11","np":2,"cix":2,"bm":0,"ix":1,"mn":"ADBE Vector Group","hd":false},{"ty":"rd","nm":"Round Corners 1","r":{"a":0,"k":5,"ix":1},"ix":2,"mn":"ADBE Vector Filter - RC","hd":false}],"ip":53,"op":204,"st":53,"bm":0},{"ddd":0,"ind":26,"ty":4,"nm":"Group 16","parent":22,"sr":1,"ks":{"o":{"a":0,"k":100,"ix":11},"r":{"a":1,"k":[{"i":{"x":[0.17],"y":[1]},"o":{"x":[0.167],"y":[0.167]},"t":40,"s":[19]},{"i":{"x":[0.833],"y":[0.833]},"o":{"x":[0.83],"y":[0]},"t":46,"s":[-14]},{"i":{"x":[0.25],"y":[1]},"o":{"x":[0.167],"y":[0.167]},"t":53,"s":[9]},{"i":{"x":[0.833],"y":[1]},"o":{"x":[0.75],"y":[0]},"t":57,"s":[-4]},{"i":{"x":[0.17],"y":[1]},"o":{"x":[0.167],"y":[0]},"t":61,"s":[-4]},{"i":{"x":[0.833],"y":[1]},"o":{"x":[0.83],"y":[0]},"t":64,"s":[4]},{"t":67,"s":[0]}],"ix":10},"p":{"s":true,"x":{"a":0,"k":80,"ix":3},"y":{"a":1,"k":[{"i":{"x":[0.17],"y":[1]},"o":{"x":[0.167],"y":[0.167]},"t":40,"s":[320.75]},{"i":{"x":[0.833],"y":[0.833]},"o":{"x":[0.83],"y":[0]},"t":48,"s":[217.75]},{"i":{"x":[0.25],"y":[1]},"o":{"x":[0.167],"y":[0.167]},"t":53,"s":[311.75]},{"i":{"x":[0.833],"y":[0.833]},"o":{"x":[0.75],"y":[0]},"t":57,"s":[281.75]},{"i":{"x":[0.17],"y":[1]},"o":{"x":[0.167],"y":[0]},"t":61,"s":[316.75]},{"i":{"x":[0.833],"y":[0.833]},"o":{"x":[0.83],"y":[0]},"t":64,"s":[316.75]},{"t":67,"s":[320.75]}],"ix":4}},"a":{"a":0,"k":[-170.667,89.599,0],"ix":1},"s":{"a":1,"k":[{"i":{"x":[0.17,0.17,0.17],"y":[1,1,1]},"o":{"x":[0.167,0.167,0.167],"y":[0.167,0.167,0]},"t":40,"s":[0,0,100]},{"t":46,"s":[100,100,100]}],"ix":6}},"ao":0,"ef":[{"ty":5,"nm":"4-Color Gradient","np":16,"mn":"ADBE 4ColorGradient","ix":1,"en":1,"ef":[{"ty":6,"nm":"Positions & Colors","mn":"ADBE 4ColorGradient-0011","ix":1,"v":0},{"ty":3,"nm":"Point 1","mn":"ADBE 4ColorGradient-0001","ix":2,"v":{"a":0,"k":[197,347],"ix":2}},{"ty":2,"nm":"Color 1","mn":"ADBE 4ColorGradient-0002","ix":3,"v":{"a":0,"k":[0.980377197266,0.784301757813,0.235290527344,1],"ix":3}},{"ty":3,"nm":"Point 2","mn":"ADBE 4ColorGradient-0003","ix":4,"v":{"a":0,"k":[233,350],"ix":4}},{"ty":2,"nm":"Color 2","mn":"ADBE 4ColorGradient-0004","ix":5,"v":{"a":0,"k":[0.896087646484,0.617645263672,0.145111083984,1],"ix":5}},{"ty":3,"nm":"Point 3","mn":"ADBE 4ColorGradient-0005","ix":6,"v":{"a":0,"k":[268,347],"ix":6}},{"ty":2,"nm":"Color 3","mn":"ADBE 4ColorGradient-0006","ix":7,"v":{"a":0,"k":[0.998046875,0.841186523438,0.281372070313,1],"ix":7}},{"ty":3,"nm":"Point 4","mn":"ADBE 4ColorGradient-0007","ix":8,"v":{"a":0,"k":[320,350],"ix":8}},{"ty":2,"nm":"Color 4","mn":"ADBE 4ColorGradient-0008","ix":9,"v":{"a":0,"k":[0.934326171875,0.674499511719,0.154907226563,1],"ix":9}},{"ty":6,"nm":"Color 4","mn":"ADBE 4ColorGradient-0012","ix":10,"v":0},{"ty":0,"nm":"Blend","mn":"ADBE 4ColorGradient-0009","ix":11,"v":{"a":0,"k":5,"ix":11}},{"ty":0,"nm":"Jitter","mn":"ADBE 4ColorGradient-0010","ix":12,"v":{"a":0,"k":0,"ix":12}},{"ty":0,"nm":"Opacity","mn":"ADBE 4ColorGradient-0013","ix":13,"v":{"a":0,"k":100,"ix":13}},{"ty":7,"nm":"Blending Mode","mn":"ADBE 4ColorGradient-0014","ix":14,"v":{"a":0,"k":7,"ix":14}}]}],"shapes":[{"ty":"gr","it":[{"ind":0,"ty":"sh","ix":1,"ks":{"a":0,"k":{"i":[[0,0],[0,0],[0,0],[0,0]],"o":[[0,0],[0,0],[0,0],[0,0]],"v":[[-230.4,72.533],[-110.933,72.533],[-110.933,106.666],[-230.4,106.666]],"c":true},"ix":2},"nm":"Path 1","mn":"ADBE Vector Shape - Group","hd":false},{"ty":"fl","c":{"a":0,"k":[1,0.658782958984,0.239196777344,1],"ix":4},"o":{"a":0,"k":100,"ix":5},"r":1,"bm":0,"nm":"Fill 1","mn":"ADBE Vector Graphic - Fill","hd":false},{"ty":"tr","p":{"a":0,"k":[0,0],"ix":2},"a":{"a":0,"k":[0,0],"ix":1},"s":{"a":0,"k":[100,100],"ix":3},"r":{"a":0,"k":0,"ix":6},"o":{"a":0,"k":100,"ix":7},"sk":{"a":0,"k":0,"ix":4},"sa":{"a":0,"k":0,"ix":5},"nm":"Transform"}],"nm":"Group 11","np":2,"cix":2,"bm":0,"ix":1,"mn":"ADBE Vector Group","hd":false},{"ty":"rd","nm":"Round Corners 1","r":{"a":0,"k":5,"ix":1},"ix":2,"mn":"ADBE Vector Filter - RC","hd":false}],"ip":40,"op":206,"st":40,"bm":0},{"ddd":0,"ind":27,"ty":4,"nm":"Group 13","parent":22,"sr":1,"ks":{"o":{"a":0,"k":100,"ix":11},"r":{"a":1,"k":[{"i":{"x":[0.17],"y":[1]},"o":{"x":[0.167],"y":[0.167]},"t":30,"s":[19]},{"i":{"x":[0.833],"y":[0.833]},"o":{"x":[0.83],"y":[0]},"t":34,"s":[-14]},{"i":{"x":[0.25],"y":[1]},"o":{"x":[0.167],"y":[0.167]},"t":40,"s":[9]},{"i":{"x":[0.833],"y":[1]},"o":{"x":[0.75],"y":[0]},"t":43,"s":[-4]},{"i":{"x":[0.17],"y":[1]},"o":{"x":[0.167],"y":[0]},"t":45,"s":[-4]},{"i":{"x":[0.833],"y":[1]},"o":{"x":[0.83],"y":[0]},"t":48,"s":[4]},{"t":50,"s":[0]}],"ix":10,"x":"var $bm_rt;\n$bm_rt = $bm_mul(value, -1);"},"p":{"s":true,"x":{"a":0,"k":50,"ix":3},"y":{"a":1,"k":[{"i":{"x":[0.17],"y":[1]},"o":{"x":[0.167],"y":[0.167]},"t":30,"s":[353.5]},{"i":{"x":[0.833],"y":[0.833]},"o":{"x":[0.83],"y":[0]},"t":36,"s":[250.5]},{"i":{"x":[0.25],"y":[1]},"o":{"x":[0.167],"y":[0.167]},"t":40,"s":[344.5]},{"i":{"x":[0.833],"y":[0.833]},"o":{"x":[0.75],"y":[0]},"t":43,"s":[314.5]},{"i":{"x":[0.17],"y":[1]},"o":{"x":[0.167],"y":[0]},"t":45,"s":[349.5]},{"i":{"x":[0.833],"y":[0.833]},"o":{"x":[0.83],"y":[0]},"t":48,"s":[349.5]},{"t":50,"s":[353.5]}],"ix":4}},"a":{"a":0,"k":[-170.667,89.599,0],"ix":1},"s":{"a":1,"k":[{"i":{"x":[0.17,0.17,0.17],"y":[1,1,1]},"o":{"x":[0.167,0.167,0.167],"y":[0.167,0.167,0]},"t":30,"s":[0,0,100]},{"t":34,"s":[100,100,100]}],"ix":6}},"ao":0,"ef":[{"ty":5,"nm":"4-Color Gradient","np":16,"mn":"ADBE 4ColorGradient","ix":1,"en":1,"ef":[{"ty":6,"nm":"Positions & Colors","mn":"ADBE 4ColorGradient-0011","ix":1,"v":0},{"ty":3,"nm":"Point 1","mn":"ADBE 4ColorGradient-0001","ix":2,"v":{"a":0,"k":[171.5,383.5],"ix":2}},{"ty":2,"nm":"Color 1","mn":"ADBE 4ColorGradient-0002","ix":3,"v":{"a":0,"k":[0.980377197266,0.784301757813,0.235290527344,1],"ix":3}},{"ty":3,"nm":"Point 2","mn":"ADBE 4ColorGradient-0003","ix":4,"v":{"a":0,"k":[206.5,384],"ix":4}},{"ty":2,"nm":"Color 2","mn":"ADBE 4ColorGradient-0004","ix":5,"v":{"a":0,"k":[0.896087646484,0.617645263672,0.145111083984,1],"ix":5}},{"ty":3,"nm":"Point 3","mn":"ADBE 4ColorGradient-0005","ix":6,"v":{"a":0,"k":[254.5,384.5],"ix":6}},{"ty":2,"nm":"Color 3","mn":"ADBE 4ColorGradient-0006","ix":7,"v":{"a":0,"k":[0.998046875,0.841186523438,0.281372070313,1],"ix":7}},{"ty":3,"nm":"Point 4","mn":"ADBE 4ColorGradient-0007","ix":8,"v":{"a":0,"k":[298,385],"ix":8}},{"ty":2,"nm":"Color 4","mn":"ADBE 4ColorGradient-0008","ix":9,"v":{"a":0,"k":[0.934326171875,0.674499511719,0.154907226563,1],"ix":9}},{"ty":6,"nm":"Color 4","mn":"ADBE 4ColorGradient-0012","ix":10,"v":0},{"ty":0,"nm":"Blend","mn":"ADBE 4ColorGradient-0009","ix":11,"v":{"a":0,"k":5,"ix":11}},{"ty":0,"nm":"Jitter","mn":"ADBE 4ColorGradient-0010","ix":12,"v":{"a":0,"k":0,"ix":12}},{"ty":0,"nm":"Opacity","mn":"ADBE 4ColorGradient-0013","ix":13,"v":{"a":0,"k":100,"ix":13}},{"ty":7,"nm":"Blending Mode","mn":"ADBE 4ColorGradient-0014","ix":14,"v":{"a":0,"k":7,"ix":14}}]}],"shapes":[{"ty":"gr","it":[{"ind":0,"ty":"sh","ix":1,"ks":{"a":0,"k":{"i":[[0,0],[0,0],[0,0],[0,0]],"o":[[0,0],[0,0],[0,0],[0,0]],"v":[[-230.4,72.533],[-110.933,72.533],[-110.933,106.666],[-230.4,106.666]],"c":true},"ix":2},"nm":"Path 1","mn":"ADBE Vector Shape - Group","hd":false},{"ty":"fl","c":{"a":0,"k":[0.992126464844,0.713714599609,0.184295654297,1],"ix":4},"o":{"a":0,"k":100,"ix":5},"r":1,"bm":0,"nm":"Fill 1","mn":"ADBE Vector Graphic - Fill","hd":false},{"ty":"tr","p":{"a":0,"k":[0,0],"ix":2},"a":{"a":0,"k":[0,0],"ix":1},"s":{"a":0,"k":[100,100],"ix":3},"r":{"a":0,"k":0,"ix":6},"o":{"a":0,"k":100,"ix":7},"sk":{"a":0,"k":0,"ix":4},"sa":{"a":0,"k":0,"ix":5},"nm":"Transform"}],"nm":"Group 11","np":2,"cix":2,"bm":0,"ix":1,"mn":"ADBE Vector Group","hd":false},{"ty":"rd","nm":"Round Corners 1","r":{"a":0,"k":5,"ix":1},"ix":2,"mn":"ADBE Vector Filter - RC","hd":false}],"ip":30,"op":208,"st":30,"bm":0},{"ddd":0,"ind":28,"ty":4,"nm":"Group 14","parent":22,"sr":1,"ks":{"o":{"a":0,"k":100,"ix":11},"r":{"a":1,"k":[{"i":{"x":[0.17],"y":[1]},"o":{"x":[0.167],"y":[0.167]},"t":20,"s":[19]},{"i":{"x":[0.833],"y":[0.833]},"o":{"x":[0.83],"y":[0]},"t":24,"s":[-14]},{"i":{"x":[0.25],"y":[1]},"o":{"x":[0.167],"y":[0.167]},"t":30,"s":[9]},{"i":{"x":[0.833],"y":[1]},"o":{"x":[0.75],"y":[0]},"t":33,"s":[-4]},{"i":{"x":[0.17],"y":[1]},"o":{"x":[0.167],"y":[0]},"t":36,"s":[-4]},{"i":{"x":[0.833],"y":[1]},"o":{"x":[0.83],"y":[0]},"t":38,"s":[4]},{"t":40,"s":[0]}],"ix":10},"p":{"s":true,"x":{"a":0,"k":80,"ix":3},"y":{"a":1,"k":[{"i":{"x":[0.17],"y":[1]},"o":{"x":[0.167],"y":[0.167]},"t":20,"s":[386.75]},{"i":{"x":[0.833],"y":[0.833]},"o":{"x":[0.83],"y":[0]},"t":26,"s":[283.75]},{"i":{"x":[0.25],"y":[1]},"o":{"x":[0.167],"y":[0.167]},"t":30,"s":[377.75]},{"i":{"x":[0.833],"y":[0.833]},"o":{"x":[0.75],"y":[0]},"t":33,"s":[347.75]},{"i":{"x":[0.17],"y":[1]},"o":{"x":[0.167],"y":[0]},"t":36,"s":[382.75]},{"i":{"x":[0.833],"y":[0.833]},"o":{"x":[0.83],"y":[0]},"t":38,"s":[382.75]},{"t":40,"s":[386.75]}],"ix":4}},"a":{"a":0,"k":[-170.667,89.599,0],"ix":1},"s":{"a":1,"k":[{"i":{"x":[0.17,0.17,0.17],"y":[1,1,1]},"o":{"x":[0.167,0.167,0.167],"y":[0.167,0.167,0]},"t":20,"s":[0,0,100]},{"t":24,"s":[100,100,100]}],"ix":6}},"ao":0,"ef":[{"ty":5,"nm":"4-Color Gradient","np":16,"mn":"ADBE 4ColorGradient","ix":1,"en":1,"ef":[{"ty":6,"nm":"Positions & Colors","mn":"ADBE 4ColorGradient-0011","ix":1,"v":0},{"ty":3,"nm":"Point 1","mn":"ADBE 4ColorGradient-0001","ix":2,"v":{"a":0,"k":[197,415],"ix":2}},{"ty":2,"nm":"Color 1","mn":"ADBE 4ColorGradient-0002","ix":3,"v":{"a":0,"k":[0.980377197266,0.784301757813,0.235290527344,1],"ix":3}},{"ty":3,"nm":"Point 2","mn":"ADBE 4ColorGradient-0003","ix":4,"v":{"a":0,"k":[237,416],"ix":4}},{"ty":2,"nm":"Color 2","mn":"ADBE 4ColorGradient-0004","ix":5,"v":{"a":0,"k":[0.896087646484,0.617645263672,0.145111083984,1],"ix":5}},{"ty":3,"nm":"Point 3","mn":"ADBE 4ColorGradient-0005","ix":6,"v":{"a":0,"k":[283,416],"ix":6}},{"ty":2,"nm":"Color 3","mn":"ADBE 4ColorGradient-0006","ix":7,"v":{"a":0,"k":[0.998046875,0.841186523438,0.281372070313,1],"ix":7}},{"ty":3,"nm":"Point 4","mn":"ADBE 4ColorGradient-0007","ix":8,"v":{"a":0,"k":[328,412],"ix":8}},{"ty":2,"nm":"Color 4","mn":"ADBE 4ColorGradient-0008","ix":9,"v":{"a":0,"k":[0.934326171875,0.674499511719,0.154907226563,1],"ix":9}},{"ty":6,"nm":"Color 4","mn":"ADBE 4ColorGradient-0012","ix":10,"v":0},{"ty":0,"nm":"Blend","mn":"ADBE 4ColorGradient-0009","ix":11,"v":{"a":0,"k":5,"ix":11}},{"ty":0,"nm":"Jitter","mn":"ADBE 4ColorGradient-0010","ix":12,"v":{"a":0,"k":0,"ix":12}},{"ty":0,"nm":"Opacity","mn":"ADBE 4ColorGradient-0013","ix":13,"v":{"a":0,"k":100,"ix":13}},{"ty":7,"nm":"Blending Mode","mn":"ADBE 4ColorGradient-0014","ix":14,"v":{"a":0,"k":7,"ix":14}}]}],"shapes":[{"ty":"gr","it":[{"ind":0,"ty":"sh","ix":1,"ks":{"a":0,"k":{"i":[[0,0],[0,0],[0,0],[0,0]],"o":[[0,0],[0,0],[0,0],[0,0]],"v":[[-230.4,72.533],[-110.933,72.533],[-110.933,106.666],[-230.4,106.666]],"c":true},"ix":2},"nm":"Path 1","mn":"ADBE Vector Shape - Group","hd":false},{"ty":"fl","c":{"a":0,"k":[1,0.658782958984,0.239196777344,1],"ix":4},"o":{"a":0,"k":100,"ix":5},"r":1,"bm":0,"nm":"Fill 1","mn":"ADBE Vector Graphic - Fill","hd":false},{"ty":"tr","p":{"a":0,"k":[0,0],"ix":2},"a":{"a":0,"k":[0,0],"ix":1},"s":{"a":0,"k":[100,100],"ix":3},"r":{"a":0,"k":0,"ix":6},"o":{"a":0,"k":100,"ix":7},"sk":{"a":0,"k":0,"ix":4},"sa":{"a":0,"k":0,"ix":5},"nm":"Transform"}],"nm":"Group 11","np":2,"cix":2,"bm":0,"ix":1,"mn":"ADBE Vector Group","hd":false},{"ty":"rd","nm":"Round Corners 1","r":{"a":0,"k":5,"ix":1},"ix":2,"mn":"ADBE Vector Filter - RC","hd":false}],"ip":20,"op":210,"st":20,"bm":0},{"ddd":0,"ind":29,"ty":4,"nm":"Group 15","parent":22,"sr":1,"ks":{"o":{"a":0,"k":100,"ix":11},"r":{"a":1,"k":[{"i":{"x":[0.17],"y":[1]},"o":{"x":[0.167],"y":[0.167]},"t":10,"s":[19]},{"i":{"x":[0.833],"y":[0.833]},"o":{"x":[0.83],"y":[0]},"t":14,"s":[-14]},{"i":{"x":[0.25],"y":[1]},"o":{"x":[0.167],"y":[0.167]},"t":20,"s":[9]},{"i":{"x":[0.833],"y":[1]},"o":{"x":[0.75],"y":[0]},"t":23,"s":[-4]},{"i":{"x":[0.17],"y":[1]},"o":{"x":[0.167],"y":[0]},"t":26,"s":[-4]},{"i":{"x":[0.833],"y":[1]},"o":{"x":[0.83],"y":[0]},"t":28,"s":[4]},{"t":30,"s":[0]}],"ix":10,"x":"var $bm_rt;\n$bm_rt = $bm_mul(value, -1);"},"p":{"s":true,"x":{"a":0,"k":50,"ix":3},"y":{"a":1,"k":[{"i":{"x":[0.17],"y":[1]},"o":{"x":[0.167],"y":[0.167]},"t":10,"s":[419.25]},{"i":{"x":[0.833],"y":[0.833]},"o":{"x":[0.83],"y":[0]},"t":16,"s":[316.25]},{"i":{"x":[0.25],"y":[1]},"o":{"x":[0.167],"y":[0.167]},"t":20,"s":[410.25]},{"i":{"x":[0.833],"y":[0.833]},"o":{"x":[0.75],"y":[0]},"t":23,"s":[380.25]},{"i":{"x":[0.17],"y":[1]},"o":{"x":[0.167],"y":[0]},"t":26,"s":[415.25]},{"i":{"x":[0.833],"y":[0.833]},"o":{"x":[0.83],"y":[0]},"t":28,"s":[415.25]},{"t":30,"s":[419.25]}],"ix":4}},"a":{"a":0,"k":[-170.667,89.599,0],"ix":1},"s":{"a":1,"k":[{"i":{"x":[0.17,0.17,0.17],"y":[1,1,1]},"o":{"x":[0.167,0.167,0.167],"y":[0.167,0.167,0]},"t":10,"s":[0,0,100]},{"t":14,"s":[100,100,100]}],"ix":6}},"ao":0,"ef":[{"ty":5,"nm":"4-Color Gradient","np":16,"mn":"ADBE 4ColorGradient","ix":1,"en":1,"ef":[{"ty":6,"nm":"Positions & Colors","mn":"ADBE 4ColorGradient-0011","ix":1,"v":0},{"ty":3,"nm":"Point 1","mn":"ADBE 4ColorGradient-0001","ix":2,"v":{"a":0,"k":[172,445],"ix":2}},{"ty":2,"nm":"Color 1","mn":"ADBE 4ColorGradient-0002","ix":3,"v":{"a":0,"k":[0.980377197266,0.784301757813,0.235290527344,1],"ix":3}},{"ty":3,"nm":"Point 2","mn":"ADBE 4ColorGradient-0003","ix":4,"v":{"a":0,"k":[209,451],"ix":4}},{"ty":2,"nm":"Color 2","mn":"ADBE 4ColorGradient-0004","ix":5,"v":{"a":0,"k":[0.896087646484,0.617645263672,0.145111083984,1],"ix":5}},{"ty":3,"nm":"Point 3","mn":"ADBE 4ColorGradient-0005","ix":6,"v":{"a":0,"k":[253,452],"ix":6}},{"ty":2,"nm":"Color 3","mn":"ADBE 4ColorGradient-0006","ix":7,"v":{"a":0,"k":[0.998046875,0.841186523438,0.281372070313,1],"ix":7}},{"ty":3,"nm":"Point 4","mn":"ADBE 4ColorGradient-0007","ix":8,"v":{"a":0,"k":[307,452],"ix":8}},{"ty":2,"nm":"Color 4","mn":"ADBE 4ColorGradient-0008","ix":9,"v":{"a":0,"k":[0.934326171875,0.674499511719,0.154907226563,1],"ix":9}},{"ty":6,"nm":"Color 4","mn":"ADBE 4ColorGradient-0012","ix":10,"v":0},{"ty":0,"nm":"Blend","mn":"ADBE 4ColorGradient-0009","ix":11,"v":{"a":0,"k":5,"ix":11}},{"ty":0,"nm":"Jitter","mn":"ADBE 4ColorGradient-0010","ix":12,"v":{"a":0,"k":0,"ix":12}},{"ty":0,"nm":"Opacity","mn":"ADBE 4ColorGradient-0013","ix":13,"v":{"a":0,"k":100,"ix":13}},{"ty":7,"nm":"Blending Mode","mn":"ADBE 4ColorGradient-0014","ix":14,"v":{"a":0,"k":7,"ix":14}}]}],"shapes":[{"ty":"gr","it":[{"ind":0,"ty":"sh","ix":1,"ks":{"a":0,"k":{"i":[[0,0],[0,0],[0,0],[0,0]],"o":[[0,0],[0,0],[0,0],[0,0]],"v":[[-230.4,72.533],[-110.933,72.533],[-110.933,106.666],[-230.4,106.666]],"c":true},"ix":2},"nm":"Path 1","mn":"ADBE Vector Shape - Group","hd":false},{"ty":"fl","c":{"a":0,"k":[0.992126464844,0.713714599609,0.184295654297,1],"ix":4},"o":{"a":0,"k":100,"ix":5},"r":1,"bm":0,"nm":"Fill 1","mn":"ADBE Vector Graphic - Fill","hd":false},{"ty":"tr","p":{"a":0,"k":[0,0],"ix":2},"a":{"a":0,"k":[0,0],"ix":1},"s":{"a":0,"k":[100,100],"ix":3},"r":{"a":0,"k":0,"ix":6},"o":{"a":0,"k":100,"ix":7},"sk":{"a":0,"k":0,"ix":4},"sa":{"a":0,"k":0,"ix":5},"nm":"Transform"}],"nm":"Group 11","np":2,"cix":2,"bm":0,"ix":1,"mn":"ADBE Vector Group","hd":false},{"ty":"rd","nm":"Round Corners 1","r":{"a":0,"k":5,"ix":1},"ix":2,"mn":"ADBE Vector Filter - RC","hd":false}],"ip":10,"op":212,"st":10,"bm":0},{"ddd":0,"ind":30,"ty":4,"nm":"Group 12","parent":22,"sr":1,"ks":{"o":{"a":0,"k":100,"ix":11},"r":{"a":1,"k":[{"i":{"x":[0.17],"y":[1]},"o":{"x":[0.167],"y":[0.167]},"t":0,"s":[19]},{"i":{"x":[0.833],"y":[0.833]},"o":{"x":[0.83],"y":[0]},"t":5,"s":[-14]},{"i":{"x":[0.25],"y":[1]},"o":{"x":[0.167],"y":[0.167]},"t":10,"s":[9]},{"i":{"x":[0.833],"y":[1]},"o":{"x":[0.75],"y":[0]},"t":12,"s":[-4]},{"i":{"x":[0.17],"y":[1]},"o":{"x":[0.167],"y":[0]},"t":15,"s":[-4]},{"i":{"x":[0.833],"y":[1]},"o":{"x":[0.83],"y":[0]},"t":18,"s":[4]},{"t":20,"s":[0]}],"ix":10},"p":{"s":true,"x":{"a":0,"k":80,"ix":3},"y":{"a":1,"k":[{"i":{"x":[0.17],"y":[1]},"o":{"x":[0.167],"y":[0.167]},"t":0,"s":[453.25]},{"i":{"x":[0.833],"y":[0.833]},"o":{"x":[0.83],"y":[0]},"t":6,"s":[350.25]},{"i":{"x":[0.25],"y":[1]},"o":{"x":[0.167],"y":[0.167]},"t":10,"s":[444.25]},{"i":{"x":[0.833],"y":[0.833]},"o":{"x":[0.75],"y":[0]},"t":12,"s":[414.25]},{"i":{"x":[0.17],"y":[1]},"o":{"x":[0.167],"y":[0]},"t":15,"s":[449.25]},{"i":{"x":[0.833],"y":[0.833]},"o":{"x":[0.83],"y":[0]},"t":18,"s":[449.25]},{"t":20,"s":[453.25]}],"ix":4}},"a":{"a":0,"k":[-170.667,89.599,0],"ix":1},"s":{"a":1,"k":[{"i":{"x":[0.17,0.17,0.17],"y":[1,1,1]},"o":{"x":[0.167,0.167,0.167],"y":[0.167,0.167,0]},"t":0,"s":[0,0,100]},{"t":5,"s":[100,100,100]}],"ix":6}},"ao":0,"ef":[{"ty":5,"nm":"4-Color Gradient","np":16,"mn":"ADBE 4ColorGradient","ix":1,"en":1,"ef":[{"ty":6,"nm":"Positions & Colors","mn":"ADBE 4ColorGradient-0011","ix":1,"v":0},{"ty":3,"nm":"Point 1","mn":"ADBE 4ColorGradient-0001","ix":2,"v":{"a":0,"k":[191,481],"ix":2}},{"ty":2,"nm":"Color 1","mn":"ADBE 4ColorGradient-0002","ix":3,"v":{"a":0,"k":[0.980377197266,0.784301757813,0.235290527344,1],"ix":3}},{"ty":3,"nm":"Point 2","mn":"ADBE 4ColorGradient-0003","ix":4,"v":{"a":0,"k":[233,481],"ix":4}},{"ty":2,"nm":"Color 2","mn":"ADBE 4ColorGradient-0004","ix":5,"v":{"a":0,"k":[0.896087646484,0.617645263672,0.145111083984,1],"ix":5}},{"ty":3,"nm":"Point 3","mn":"ADBE 4ColorGradient-0005","ix":6,"v":{"a":0,"k":[275,480],"ix":6}},{"ty":2,"nm":"Color 3","mn":"ADBE 4ColorGradient-0006","ix":7,"v":{"a":0,"k":[0.998046875,0.841186523438,0.281372070313,1],"ix":7}},{"ty":3,"nm":"Point 4","mn":"ADBE 4ColorGradient-0007","ix":8,"v":{"a":0,"k":[330,481],"ix":8}},{"ty":2,"nm":"Color 4","mn":"ADBE 4ColorGradient-0008","ix":9,"v":{"a":0,"k":[0.934326171875,0.674499511719,0.154907226563,1],"ix":9}},{"ty":6,"nm":"Color 4","mn":"ADBE 4ColorGradient-0012","ix":10,"v":0},{"ty":0,"nm":"Blend","mn":"ADBE 4ColorGradient-0009","ix":11,"v":{"a":0,"k":5,"ix":11}},{"ty":0,"nm":"Jitter","mn":"ADBE 4ColorGradient-0010","ix":12,"v":{"a":0,"k":0,"ix":12}},{"ty":0,"nm":"Opacity","mn":"ADBE 4ColorGradient-0013","ix":13,"v":{"a":0,"k":100,"ix":13}},{"ty":7,"nm":"Blending Mode","mn":"ADBE 4ColorGradient-0014","ix":14,"v":{"a":0,"k":7,"ix":14}}]}],"shapes":[{"ty":"gr","it":[{"ind":0,"ty":"sh","ix":1,"ks":{"a":0,"k":{"i":[[0,0],[0,0],[0,0],[0,0]],"o":[[0,0],[0,0],[0,0],[0,0]],"v":[[-230.4,72.533],[-110.933,72.533],[-110.933,106.666],[-230.4,106.666]],"c":true},"ix":2},"nm":"Path 1","mn":"ADBE Vector Shape - Group","hd":false},{"ty":"fl","c":{"a":0,"k":[1,0.658782958984,0.239196777344,1],"ix":4},"o":{"a":0,"k":100,"ix":5},"r":1,"bm":0,"nm":"Fill 1","mn":"ADBE Vector Graphic - Fill","hd":false},{"ty":"tr","p":{"a":0,"k":[0,0],"ix":2},"a":{"a":0,"k":[0,0],"ix":1},"s":{"a":0,"k":[100,100],"ix":3},"r":{"a":0,"k":0,"ix":6},"o":{"a":0,"k":100,"ix":7},"sk":{"a":0,"k":0,"ix":4},"sa":{"a":0,"k":0,"ix":5},"nm":"Transform"}],"nm":"Group 11","np":2,"cix":2,"bm":0,"ix":1,"mn":"ADBE Vector Group","hd":false},{"ty":"rd","nm":"Round Corners 1","r":{"a":0,"k":5,"ix":1},"ix":2,"mn":"ADBE Vector Filter - RC","hd":false}],"ip":0,"op":216,"st":0,"bm":0}],"markers":[]}