{"v":"5.5.8","fr":24,"ip":0,"op":144,"w":400,"h":400,"nm":"calendar","ddd":0,"assets":[],"fonts":{"list":[{"fName":"BruumFY-Regular","fFamily":"Bruum FY","fStyle":"Regular","ascent":79.998779296875}]},"layers":[{"ddd":0,"ind":1,"ty":5,"nm":"30","sr":1,"ks":{"o":{"a":1,"k":[{"i":{"x":[0.667],"y":[1]},"o":{"x":[0.333],"y":[0]},"t":0,"s":[100]},{"i":{"x":[0.833],"y":[1]},"o":{"x":[0.333],"y":[0]},"t":14,"s":[0]},{"t":24,"s":[0]}],"ix":11,"x":"var $bm_rt;\n$bm_rt = loopOut('cycle');"},"r":{"a":0,"k":0,"ix":10},"p":{"a":1,"k":[{"i":{"x":0.25,"y":1},"o":{"x":0.333,"y":0},"t":0,"s":[61,170,0],"to":[0,13.833,0],"ti":[0,-11.5,0]},{"i":{"x":0.25,"y":1},"o":{"x":0.167,"y":0},"t":14,"s":[61,253,0],"to":[0,11.5,0],"ti":[0,2.333,0]},{"t":24,"s":[61,239,0]}],"ix":2,"x":"var $bm_rt;\n$bm_rt = loopOut('cycle');"},"a":{"a":0,"k":[0,0,0],"ix":1},"s":{"a":0,"k":[100,100,100],"ix":6}},"ao":0,"t":{"d":{"k":[{"s":{"s":48,"f":"BruumFY-Regular","t":"30","j":2,"tr":25,"lh":57.6,"ls":0,"fc":[1,1,1]},"t":0}]},"p":{},"m":{"g":1,"a":{"a":0,"k":[0,0],"ix":2}},"a":[]},"ip":0,"op":240,"st":0,"bm":0},{"ddd":0,"ind":2,"ty":4,"nm":"Shape Layer 1","parent":1,"sr":1,"ks":{"o":{"a":1,"k":[{"i":{"x":[0.667],"y":[1]},"o":{"x":[0.333],"y":[0]},"t":0,"s":[100]},{"i":{"x":[0.833],"y":[1]},"o":{"x":[0.333],"y":[0]},"t":14,"s":[0]},{"t":24,"s":[0]}],"ix":11,"x":"var $bm_rt;\n$bm_rt = loopOut('cycle');"},"r":{"a":0,"k":0,"ix":10},"p":{"a":0,"k":[4,-16.25,0],"ix":2},"a":{"a":0,"k":[-132,-44.25,0],"ix":1},"s":{"a":0,"k":[100,100,100],"ix":6}},"ao":0,"shapes":[{"ty":"gr","it":[{"ty":"rc","d":1,"s":{"a":0,"k":[79,65.5],"ix":2},"p":{"a":0,"k":[0,0],"ix":3},"r":{"a":0,"k":0,"ix":4},"nm":"Rectangle Path 1","mn":"ADBE Vector Shape - Rect","hd":false},{"ty":"fl","c":{"a":0,"k":[0,0,0,1],"ix":4},"o":{"a":0,"k":100,"ix":5},"r":1,"bm":0,"nm":"Fill 1","mn":"ADBE Vector Graphic - Fill","hd":false},{"ty":"tr","p":{"a":0,"k":[-132,-44.25],"ix":2},"a":{"a":0,"k":[0,0],"ix":1},"s":{"a":0,"k":[100,100],"ix":3},"r":{"a":0,"k":0,"ix":6},"o":{"a":0,"k":100,"ix":7},"sk":{"a":0,"k":0,"ix":4},"sa":{"a":0,"k":0,"ix":5},"nm":"Transform"}],"nm":"Rectangle 1","np":3,"cix":2,"bm":0,"ix":1,"mn":"ADBE Vector Group","hd":false}],"ip":0,"op":240,"st":0,"bm":0},{"ddd":0,"ind":3,"ty":5,"nm":"31","sr":1,"ks":{"o":{"a":0,"k":100,"ix":11},"r":{"a":0,"k":0,"ix":10},"p":{"a":0,"k":[61,170,0],"ix":2},"a":{"a":0,"k":[0,0,0],"ix":1},"s":{"a":0,"k":[100,100,100],"ix":6}},"ao":0,"t":{"d":{"k":[{"s":{"s":48,"f":"BruumFY-Regular","t":"30","j":2,"tr":25,"lh":57.6,"ls":0,"fc":[1,1,1]},"t":0}]},"p":{},"m":{"g":1,"a":{"a":0,"k":[0,0],"ix":2}},"a":[]},"ip":0,"op":240,"st":0,"bm":0},{"ddd":0,"ind":4,"ty":4,"nm":"Shape Layer 2","parent":3,"sr":1,"ks":{"o":{"a":0,"k":100,"ix":11},"r":{"a":0,"k":0,"ix":10},"p":{"a":0,"k":[4,-16.25,0],"ix":2},"a":{"a":0,"k":[-132,-44.25,0],"ix":1},"s":{"a":0,"k":[100,100,100],"ix":6}},"ao":0,"shapes":[{"ty":"gr","it":[{"ty":"rc","d":1,"s":{"a":0,"k":[79,65.5],"ix":2},"p":{"a":0,"k":[0,0],"ix":3},"r":{"a":0,"k":0,"ix":4},"nm":"Rectangle Path 1","mn":"ADBE Vector Shape - Rect","hd":false},{"ty":"fl","c":{"a":0,"k":[0,0,0,1],"ix":4},"o":{"a":0,"k":100,"ix":5},"r":1,"bm":0,"nm":"Fill 1","mn":"ADBE Vector Graphic - Fill","hd":false},{"ty":"tr","p":{"a":0,"k":[-132,-44.25],"ix":2},"a":{"a":0,"k":[0,0],"ix":1},"s":{"a":0,"k":[100,100],"ix":3},"r":{"a":0,"k":0,"ix":6},"o":{"a":0,"k":100,"ix":7},"sk":{"a":0,"k":0,"ix":4},"sa":{"a":0,"k":0,"ix":5},"nm":"Transform"}],"nm":"Rectangle 1","np":3,"cix":2,"bm":0,"ix":1,"mn":"ADBE Vector Group","hd":false}],"ip":0,"op":240,"st":0,"bm":0},{"ddd":0,"ind":5,"ty":3,"nm":"Null 2","sr":1,"ks":{"o":{"a":0,"k":0,"ix":11},"r":{"a":0,"k":0,"ix":10},"p":{"a":0,"k":[293,12.125,0],"ix":2},"a":{"a":0,"k":[50,50,0],"ix":1},"s":{"a":0,"k":[86,86,100],"ix":6}},"ao":0,"ip":17,"op":434,"st":17,"bm":0},{"ddd":0,"ind":6,"ty":4,"nm":"Group 19","parent":5,"sr":1,"ks":{"o":{"a":0,"k":100,"ix":11},"r":{"a":0,"k":0,"ix":10,"x":"var $bm_rt;\n$bm_rt = $bm_mul(value, -1);"},"p":{"s":true,"x":{"a":0,"k":50,"ix":3},"y":{"a":0,"k":219.5,"ix":4}},"a":{"a":0,"k":[-170.667,89.599,0],"ix":1},"s":{"a":0,"k":[100,100,100],"ix":6}},"ao":0,"ef":[{"ty":5,"nm":"4-Color Gradient","np":16,"mn":"ADBE 4ColorGradient","ix":1,"en":1,"ef":[{"ty":6,"nm":"Positions & Colors","mn":"ADBE 4ColorGradient-0011","ix":1,"v":0},{"ty":3,"nm":"Point 1","mn":"ADBE 4ColorGradient-0001","ix":2,"v":{"a":0,"k":[234.3,161.1],"ix":2}},{"ty":2,"nm":"Color 1","mn":"ADBE 4ColorGradient-0002","ix":3,"v":{"a":0,"k":[0.980377197266,0.784301757813,0.235290527344,1],"ix":3}},{"ty":3,"nm":"Point 2","mn":"ADBE 4ColorGradient-0003","ix":4,"v":{"a":0,"k":[276.7,159.6],"ix":4}},{"ty":2,"nm":"Color 2","mn":"ADBE 4ColorGradient-0004","ix":5,"v":{"a":0,"k":[0.896087646484,0.617645263672,0.145111083984,1],"ix":5}},{"ty":3,"nm":"Point 3","mn":"ADBE 4ColorGradient-0005","ix":6,"v":{"a":0,"k":[314.8,160.3],"ix":6}},{"ty":2,"nm":"Color 3","mn":"ADBE 4ColorGradient-0006","ix":7,"v":{"a":0,"k":[0.998046875,0.841186523438,0.281372070313,1],"ix":7}},{"ty":3,"nm":"Point 4","mn":"ADBE 4ColorGradient-0007","ix":8,"v":{"a":0,"k":[347.4,161.8],"ix":8}},{"ty":2,"nm":"Color 4","mn":"ADBE 4ColorGradient-0008","ix":9,"v":{"a":0,"k":[0.934326171875,0.674499511719,0.154907226563,1],"ix":9}},{"ty":6,"nm":"Color 4","mn":"ADBE 4ColorGradient-0012","ix":10,"v":0},{"ty":0,"nm":"Blend","mn":"ADBE 4ColorGradient-0009","ix":11,"v":{"a":0,"k":5,"ix":11}},{"ty":0,"nm":"Jitter","mn":"ADBE 4ColorGradient-0010","ix":12,"v":{"a":0,"k":0,"ix":12}},{"ty":0,"nm":"Opacity","mn":"ADBE 4ColorGradient-0013","ix":13,"v":{"a":0,"k":100,"ix":13}},{"ty":7,"nm":"Blending Mode","mn":"ADBE 4ColorGradient-0014","ix":14,"v":{"a":0,"k":7,"ix":14}}]}],"shapes":[{"ty":"gr","it":[{"ind":0,"ty":"sh","ix":1,"ks":{"a":0,"k":{"i":[[0,0],[0,0],[0,0],[0,0]],"o":[[0,0],[0,0],[0,0],[0,0]],"v":[[-230.4,72.533],[-110.933,72.533],[-110.933,106.666],[-230.4,106.666]],"c":true},"ix":2},"nm":"Path 1","mn":"ADBE Vector Shape - Group","hd":false},{"ty":"fl","c":{"a":0,"k":[0.992095947266,0.713684082031,0.184295654297,1],"ix":4},"o":{"a":0,"k":100,"ix":5},"r":1,"bm":0,"nm":"Fill 1","mn":"ADBE Vector Graphic - Fill","hd":false},{"ty":"tr","p":{"a":0,"k":[0,0],"ix":2},"a":{"a":0,"k":[0,0],"ix":1},"s":{"a":0,"k":[100,100],"ix":3},"r":{"a":0,"k":0,"ix":6},"o":{"a":0,"k":100,"ix":7},"sk":{"a":0,"k":0,"ix":4},"sa":{"a":0,"k":0,"ix":5},"nm":"Transform"}],"nm":"Group 11","np":2,"cix":2,"bm":0,"ix":1,"mn":"ADBE Vector Group","hd":false},{"ty":"rd","nm":"Round Corners 1","r":{"a":0,"k":5,"ix":1},"ix":2,"mn":"ADBE Vector Filter - RC","hd":false}],"ip":0,"op":144,"st":0,"bm":0},{"ddd":0,"ind":7,"ty":4,"nm":"Group 18","parent":5,"sr":1,"ks":{"o":{"a":0,"k":100,"ix":11},"r":{"a":0,"k":0,"ix":10},"p":{"s":true,"x":{"a":0,"k":80,"ix":3},"y":{"a":0,"k":252.75,"ix":4}},"a":{"a":0,"k":[-170.667,89.599,0],"ix":1},"s":{"a":0,"k":[100,100,100],"ix":6}},"ao":0,"ef":[{"ty":5,"nm":"4-Color Gradient","np":16,"mn":"ADBE 4ColorGradient","ix":1,"en":1,"ef":[{"ty":6,"nm":"Positions & Colors","mn":"ADBE 4ColorGradient-0011","ix":1,"v":0},{"ty":3,"nm":"Point 1","mn":"ADBE 4ColorGradient-0001","ix":2,"v":{"a":0,"k":[251.1,190.6],"ix":2}},{"ty":2,"nm":"Color 1","mn":"ADBE 4ColorGradient-0002","ix":3,"v":{"a":0,"k":[0.980377197266,0.784301757813,0.235290527344,1],"ix":3}},{"ty":3,"nm":"Point 2","mn":"ADBE 4ColorGradient-0003","ix":4,"v":{"a":0,"k":[302.7,189.2],"ix":4}},{"ty":2,"nm":"Color 2","mn":"ADBE 4ColorGradient-0004","ix":5,"v":{"a":0,"k":[0.896087646484,0.617645263672,0.145111083984,1],"ix":5}},{"ty":3,"nm":"Point 3","mn":"ADBE 4ColorGradient-0005","ix":6,"v":{"a":0,"k":[335.1,191.3],"ix":6}},{"ty":2,"nm":"Color 3","mn":"ADBE 4ColorGradient-0006","ix":7,"v":{"a":0,"k":[0.998046875,0.841186523438,0.281372070313,1],"ix":7}},{"ty":3,"nm":"Point 4","mn":"ADBE 4ColorGradient-0007","ix":8,"v":{"a":0,"k":[373.4,182.1],"ix":8}},{"ty":2,"nm":"Color 4","mn":"ADBE 4ColorGradient-0008","ix":9,"v":{"a":0,"k":[0.934326171875,0.674499511719,0.154907226563,1],"ix":9}},{"ty":6,"nm":"Color 4","mn":"ADBE 4ColorGradient-0012","ix":10,"v":0},{"ty":0,"nm":"Blend","mn":"ADBE 4ColorGradient-0009","ix":11,"v":{"a":0,"k":5,"ix":11}},{"ty":0,"nm":"Jitter","mn":"ADBE 4ColorGradient-0010","ix":12,"v":{"a":0,"k":0,"ix":12}},{"ty":0,"nm":"Opacity","mn":"ADBE 4ColorGradient-0013","ix":13,"v":{"a":0,"k":100,"ix":13}},{"ty":7,"nm":"Blending Mode","mn":"ADBE 4ColorGradient-0014","ix":14,"v":{"a":0,"k":7,"ix":14}}]}],"shapes":[{"ty":"gr","it":[{"ind":0,"ty":"sh","ix":1,"ks":{"a":0,"k":{"i":[[0,0],[0,0],[0,0],[0,0]],"o":[[0,0],[0,0],[0,0],[0,0]],"v":[[-230.4,72.533],[-110.933,72.533],[-110.933,106.666],[-230.4,106.666]],"c":true},"ix":2},"nm":"Path 1","mn":"ADBE Vector Shape - Group","hd":false},{"ty":"fl","c":{"a":0,"k":[1,0.658752441406,0.239196777344,1],"ix":4},"o":{"a":0,"k":100,"ix":5},"r":1,"bm":0,"nm":"Fill 1","mn":"ADBE Vector Graphic - Fill","hd":false},{"ty":"tr","p":{"a":0,"k":[0,0],"ix":2},"a":{"a":0,"k":[0,0],"ix":1},"s":{"a":0,"k":[100,100],"ix":3},"r":{"a":0,"k":0,"ix":6},"o":{"a":0,"k":100,"ix":7},"sk":{"a":0,"k":0,"ix":4},"sa":{"a":0,"k":0,"ix":5},"nm":"Transform"}],"nm":"Group 11","np":2,"cix":2,"bm":0,"ix":1,"mn":"ADBE Vector Group","hd":false},{"ty":"rd","nm":"Round Corners 1","r":{"a":0,"k":5,"ix":1},"ix":2,"mn":"ADBE Vector Filter - RC","hd":false}],"ip":0,"op":146,"st":0,"bm":0},{"ddd":0,"ind":8,"ty":4,"nm":"Group 17","parent":5,"sr":1,"ks":{"o":{"a":0,"k":100,"ix":11},"r":{"a":0,"k":0,"ix":10,"x":"var $bm_rt;\n$bm_rt = $bm_mul(value, -1);"},"p":{"s":true,"x":{"a":0,"k":50,"ix":3},"y":{"a":0,"k":286.5,"ix":4}},"a":{"a":0,"k":[-170.667,89.599,0],"ix":1},"s":{"a":0,"k":[100,100,100],"ix":6}},"ao":0,"ef":[{"ty":5,"nm":"4-Color Gradient","np":16,"mn":"ADBE 4ColorGradient","ix":1,"en":1,"ef":[{"ty":6,"nm":"Positions & Colors","mn":"ADBE 4ColorGradient-0011","ix":1,"v":0},{"ty":3,"nm":"Point 1","mn":"ADBE 4ColorGradient-0001","ix":2,"v":{"a":0,"k":[226.7,218.6],"ix":2}},{"ty":2,"nm":"Color 1","mn":"ADBE 4ColorGradient-0002","ix":3,"v":{"a":0,"k":[0.980377197266,0.784301757813,0.235290527344,1],"ix":3}},{"ty":3,"nm":"Point 2","mn":"ADBE 4ColorGradient-0003","ix":4,"v":{"a":0,"k":[276.5,218],"ix":4}},{"ty":2,"nm":"Color 2","mn":"ADBE 4ColorGradient-0004","ix":5,"v":{"a":0,"k":[0.896087646484,0.617645263672,0.145111083984,1],"ix":5}},{"ty":3,"nm":"Point 3","mn":"ADBE 4ColorGradient-0005","ix":6,"v":{"a":0,"k":[311.8,217],"ix":6}},{"ty":2,"nm":"Color 3","mn":"ADBE 4ColorGradient-0006","ix":7,"v":{"a":0,"k":[0.998046875,0.841186523438,0.281372070313,1],"ix":7}},{"ty":3,"nm":"Point 4","mn":"ADBE 4ColorGradient-0007","ix":8,"v":{"a":0,"k":[345.9,221.3],"ix":8}},{"ty":2,"nm":"Color 4","mn":"ADBE 4ColorGradient-0008","ix":9,"v":{"a":0,"k":[0.934326171875,0.674499511719,0.154907226563,1],"ix":9}},{"ty":6,"nm":"Color 4","mn":"ADBE 4ColorGradient-0012","ix":10,"v":0},{"ty":0,"nm":"Blend","mn":"ADBE 4ColorGradient-0009","ix":11,"v":{"a":0,"k":5,"ix":11}},{"ty":0,"nm":"Jitter","mn":"ADBE 4ColorGradient-0010","ix":12,"v":{"a":0,"k":0,"ix":12}},{"ty":0,"nm":"Opacity","mn":"ADBE 4ColorGradient-0013","ix":13,"v":{"a":0,"k":100,"ix":13}},{"ty":7,"nm":"Blending Mode","mn":"ADBE 4ColorGradient-0014","ix":14,"v":{"a":0,"k":7,"ix":14}}]}],"shapes":[{"ty":"gr","it":[{"ind":0,"ty":"sh","ix":1,"ks":{"a":0,"k":{"i":[[0,0],[0,0],[0,0],[0,0]],"o":[[0,0],[0,0],[0,0],[0,0]],"v":[[-230.4,72.533],[-110.933,72.533],[-110.933,106.666],[-230.4,106.666]],"c":true},"ix":2},"nm":"Path 1","mn":"ADBE Vector Shape - Group","hd":false},{"ty":"fl","c":{"a":0,"k":[0.992126464844,0.713714599609,0.184295654297,1],"ix":4},"o":{"a":0,"k":100,"ix":5},"r":1,"bm":0,"nm":"Fill 1","mn":"ADBE Vector Graphic - Fill","hd":false},{"ty":"tr","p":{"a":0,"k":[0,0],"ix":2},"a":{"a":0,"k":[0,0],"ix":1},"s":{"a":0,"k":[100,100],"ix":3},"r":{"a":0,"k":0,"ix":6},"o":{"a":0,"k":100,"ix":7},"sk":{"a":0,"k":0,"ix":4},"sa":{"a":0,"k":0,"ix":5},"nm":"Transform"}],"nm":"Group 11","np":2,"cix":2,"bm":0,"ix":1,"mn":"ADBE Vector Group","hd":false},{"ty":"rd","nm":"Round Corners 1","r":{"a":0,"k":5,"ix":1},"ix":2,"mn":"ADBE Vector Filter - RC","hd":false}],"ip":0,"op":154,"st":0,"bm":0},{"ddd":0,"ind":9,"ty":4,"nm":"Group 16","parent":5,"sr":1,"ks":{"o":{"a":0,"k":100,"ix":11},"r":{"a":0,"k":0,"ix":10},"p":{"s":true,"x":{"a":0,"k":80,"ix":3},"y":{"a":0,"k":320.75,"ix":4}},"a":{"a":0,"k":[-170.667,89.599,0],"ix":1},"s":{"a":0,"k":[100,100,100],"ix":6}},"ao":0,"ef":[{"ty":5,"nm":"4-Color Gradient","np":16,"mn":"ADBE 4ColorGradient","ix":1,"en":1,"ef":[{"ty":6,"nm":"Positions & Colors","mn":"ADBE 4ColorGradient-0011","ix":1,"v":0},{"ty":3,"nm":"Point 1","mn":"ADBE 4ColorGradient-0001","ix":2,"v":{"a":0,"k":[259.6,248.6],"ix":2}},{"ty":2,"nm":"Color 1","mn":"ADBE 4ColorGradient-0002","ix":3,"v":{"a":0,"k":[0.980377197266,0.784301757813,0.235290527344,1],"ix":3}},{"ty":3,"nm":"Point 2","mn":"ADBE 4ColorGradient-0003","ix":4,"v":{"a":0,"k":[302.9,248],"ix":4}},{"ty":2,"nm":"Color 2","mn":"ADBE 4ColorGradient-0004","ix":5,"v":{"a":0,"k":[0.896087646484,0.617645263672,0.145111083984,1],"ix":5}},{"ty":3,"nm":"Point 3","mn":"ADBE 4ColorGradient-0005","ix":6,"v":{"a":0,"k":[345.4,246.6],"ix":6}},{"ty":2,"nm":"Color 3","mn":"ADBE 4ColorGradient-0006","ix":7,"v":{"a":0,"k":[0.998046875,0.841186523438,0.281372070313,1],"ix":7}},{"ty":3,"nm":"Point 4","mn":"ADBE 4ColorGradient-0007","ix":8,"v":{"a":0,"k":[374,248.5],"ix":8}},{"ty":2,"nm":"Color 4","mn":"ADBE 4ColorGradient-0008","ix":9,"v":{"a":0,"k":[0.934326171875,0.674499511719,0.154907226563,1],"ix":9}},{"ty":6,"nm":"Color 4","mn":"ADBE 4ColorGradient-0012","ix":10,"v":0},{"ty":0,"nm":"Blend","mn":"ADBE 4ColorGradient-0009","ix":11,"v":{"a":0,"k":5,"ix":11}},{"ty":0,"nm":"Jitter","mn":"ADBE 4ColorGradient-0010","ix":12,"v":{"a":0,"k":0,"ix":12}},{"ty":0,"nm":"Opacity","mn":"ADBE 4ColorGradient-0013","ix":13,"v":{"a":0,"k":100,"ix":13}},{"ty":7,"nm":"Blending Mode","mn":"ADBE 4ColorGradient-0014","ix":14,"v":{"a":0,"k":7,"ix":14}}]}],"shapes":[{"ty":"gr","it":[{"ind":0,"ty":"sh","ix":1,"ks":{"a":0,"k":{"i":[[0,0],[0,0],[0,0],[0,0]],"o":[[0,0],[0,0],[0,0],[0,0]],"v":[[-230.4,72.533],[-110.933,72.533],[-110.933,106.666],[-230.4,106.666]],"c":true},"ix":2},"nm":"Path 1","mn":"ADBE Vector Shape - Group","hd":false},{"ty":"fl","c":{"a":0,"k":[1,0.658782958984,0.239196777344,1],"ix":4},"o":{"a":0,"k":100,"ix":5},"r":1,"bm":0,"nm":"Fill 1","mn":"ADBE Vector Graphic - Fill","hd":false},{"ty":"tr","p":{"a":0,"k":[0,0],"ix":2},"a":{"a":0,"k":[0,0],"ix":1},"s":{"a":0,"k":[100,100],"ix":3},"r":{"a":0,"k":0,"ix":6},"o":{"a":0,"k":100,"ix":7},"sk":{"a":0,"k":0,"ix":4},"sa":{"a":0,"k":0,"ix":5},"nm":"Transform"}],"nm":"Group 11","np":2,"cix":2,"bm":0,"ix":1,"mn":"ADBE Vector Group","hd":false},{"ty":"rd","nm":"Round Corners 1","r":{"a":0,"k":5,"ix":1},"ix":2,"mn":"ADBE Vector Filter - RC","hd":false}],"ip":0,"op":169,"st":0,"bm":0},{"ddd":0,"ind":10,"ty":4,"nm":"Group 13","parent":5,"sr":1,"ks":{"o":{"a":0,"k":100,"ix":11},"r":{"a":0,"k":0,"ix":10,"x":"var $bm_rt;\n$bm_rt = $bm_mul(value, -1);"},"p":{"s":true,"x":{"a":0,"k":50,"ix":3},"y":{"a":0,"k":353.5,"ix":4}},"a":{"a":0,"k":[-170.667,89.599,0],"ix":1},"s":{"a":0,"k":[100,100,100],"ix":6}},"ao":0,"ef":[{"ty":5,"nm":"4-Color Gradient","np":16,"mn":"ADBE 4ColorGradient","ix":1,"en":1,"ef":[{"ty":6,"nm":"Positions & Colors","mn":"ADBE 4ColorGradient-0011","ix":1,"v":0},{"ty":3,"nm":"Point 1","mn":"ADBE 4ColorGradient-0001","ix":2,"v":{"a":0,"k":[236.7,274.8],"ix":2}},{"ty":2,"nm":"Color 1","mn":"ADBE 4ColorGradient-0002","ix":3,"v":{"a":0,"k":[0.980377197266,0.784301757813,0.235290527344,1],"ix":3}},{"ty":3,"nm":"Point 2","mn":"ADBE 4ColorGradient-0003","ix":4,"v":{"a":0,"k":[272.2,276.2],"ix":4}},{"ty":2,"nm":"Color 2","mn":"ADBE 4ColorGradient-0004","ix":5,"v":{"a":0,"k":[0.896087646484,0.617645263672,0.145111083984,1],"ix":5}},{"ty":3,"nm":"Point 3","mn":"ADBE 4ColorGradient-0005","ix":6,"v":{"a":0,"k":[319.6,275.6],"ix":6}},{"ty":2,"nm":"Color 3","mn":"ADBE 4ColorGradient-0006","ix":7,"v":{"a":0,"k":[0.998046875,0.841186523438,0.281372070313,1],"ix":7}},{"ty":3,"nm":"Point 4","mn":"ADBE 4ColorGradient-0007","ix":8,"v":{"a":0,"k":[346.4,276],"ix":8}},{"ty":2,"nm":"Color 4","mn":"ADBE 4ColorGradient-0008","ix":9,"v":{"a":0,"k":[0.934326171875,0.674499511719,0.154907226563,1],"ix":9}},{"ty":6,"nm":"Color 4","mn":"ADBE 4ColorGradient-0012","ix":10,"v":0},{"ty":0,"nm":"Blend","mn":"ADBE 4ColorGradient-0009","ix":11,"v":{"a":0,"k":5,"ix":11}},{"ty":0,"nm":"Jitter","mn":"ADBE 4ColorGradient-0010","ix":12,"v":{"a":0,"k":0,"ix":12}},{"ty":0,"nm":"Opacity","mn":"ADBE 4ColorGradient-0013","ix":13,"v":{"a":0,"k":100,"ix":13}},{"ty":7,"nm":"Blending Mode","mn":"ADBE 4ColorGradient-0014","ix":14,"v":{"a":0,"k":7,"ix":14}}]}],"shapes":[{"ty":"gr","it":[{"ind":0,"ty":"sh","ix":1,"ks":{"a":0,"k":{"i":[[0,0],[0,0],[0,0],[0,0]],"o":[[0,0],[0,0],[0,0],[0,0]],"v":[[-230.4,72.533],[-110.933,72.533],[-110.933,106.666],[-230.4,106.666]],"c":true},"ix":2},"nm":"Path 1","mn":"ADBE Vector Shape - Group","hd":false},{"ty":"fl","c":{"a":0,"k":[0.992126464844,0.713714599609,0.184295654297,1],"ix":4},"o":{"a":0,"k":100,"ix":5},"r":1,"bm":0,"nm":"Fill 1","mn":"ADBE Vector Graphic - Fill","hd":false},{"ty":"tr","p":{"a":0,"k":[0,0],"ix":2},"a":{"a":0,"k":[0,0],"ix":1},"s":{"a":0,"k":[100,100],"ix":3},"r":{"a":0,"k":0,"ix":6},"o":{"a":0,"k":100,"ix":7},"sk":{"a":0,"k":0,"ix":4},"sa":{"a":0,"k":0,"ix":5},"nm":"Transform"}],"nm":"Group 11","np":2,"cix":2,"bm":0,"ix":1,"mn":"ADBE Vector Group","hd":false},{"ty":"rd","nm":"Round Corners 1","r":{"a":0,"k":5,"ix":1},"ix":2,"mn":"ADBE Vector Filter - RC","hd":false}],"ip":0,"op":181,"st":0,"bm":0},{"ddd":0,"ind":11,"ty":4,"nm":"Group 14","parent":5,"sr":1,"ks":{"o":{"a":0,"k":100,"ix":11},"r":{"a":0,"k":0,"ix":10},"p":{"s":true,"x":{"a":0,"k":80,"ix":3},"y":{"a":0,"k":386.75,"ix":4}},"a":{"a":0,"k":[-170.667,89.599,0],"ix":1},"s":{"a":0,"k":[100,100,100],"ix":6}},"ao":0,"ef":[{"ty":5,"nm":"4-Color Gradient","np":16,"mn":"ADBE 4ColorGradient","ix":1,"en":1,"ef":[{"ty":6,"nm":"Positions & Colors","mn":"ADBE 4ColorGradient-0011","ix":1,"v":0},{"ty":3,"nm":"Point 1","mn":"ADBE 4ColorGradient-0001","ix":2,"v":{"a":0,"k":[263.1,302.5],"ix":2}},{"ty":2,"nm":"Color 1","mn":"ADBE 4ColorGradient-0002","ix":3,"v":{"a":0,"k":[0.980377197266,0.784301757813,0.235290527344,1],"ix":3}},{"ty":3,"nm":"Point 2","mn":"ADBE 4ColorGradient-0003","ix":4,"v":{"a":0,"k":[308.6,303.3],"ix":4}},{"ty":2,"nm":"Color 2","mn":"ADBE 4ColorGradient-0004","ix":5,"v":{"a":0,"k":[0.896087646484,0.617645263672,0.145111083984,1],"ix":5}},{"ty":3,"nm":"Point 3","mn":"ADBE 4ColorGradient-0005","ix":6,"v":{"a":0,"k":[345.4,302.3],"ix":6}},{"ty":2,"nm":"Color 3","mn":"ADBE 4ColorGradient-0006","ix":7,"v":{"a":0,"k":[0.998046875,0.841186523438,0.281372070313,1],"ix":7}},{"ty":3,"nm":"Point 4","mn":"ADBE 4ColorGradient-0007","ix":8,"v":{"a":0,"k":[373.9,306.6],"ix":8}},{"ty":2,"nm":"Color 4","mn":"ADBE 4ColorGradient-0008","ix":9,"v":{"a":0,"k":[0.934326171875,0.674499511719,0.154907226563,1],"ix":9}},{"ty":6,"nm":"Color 4","mn":"ADBE 4ColorGradient-0012","ix":10,"v":0},{"ty":0,"nm":"Blend","mn":"ADBE 4ColorGradient-0009","ix":11,"v":{"a":0,"k":5,"ix":11}},{"ty":0,"nm":"Jitter","mn":"ADBE 4ColorGradient-0010","ix":12,"v":{"a":0,"k":0,"ix":12}},{"ty":0,"nm":"Opacity","mn":"ADBE 4ColorGradient-0013","ix":13,"v":{"a":0,"k":100,"ix":13}},{"ty":7,"nm":"Blending Mode","mn":"ADBE 4ColorGradient-0014","ix":14,"v":{"a":0,"k":7,"ix":14}}]}],"shapes":[{"ty":"gr","it":[{"ind":0,"ty":"sh","ix":1,"ks":{"a":0,"k":{"i":[[0,0],[0,0],[0,0],[0,0]],"o":[[0,0],[0,0],[0,0],[0,0]],"v":[[-230.4,72.533],[-110.933,72.533],[-110.933,106.666],[-230.4,106.666]],"c":true},"ix":2},"nm":"Path 1","mn":"ADBE Vector Shape - Group","hd":false},{"ty":"fl","c":{"a":0,"k":[1,0.658782958984,0.239196777344,1],"ix":4},"o":{"a":0,"k":100,"ix":5},"r":1,"bm":0,"nm":"Fill 1","mn":"ADBE Vector Graphic - Fill","hd":false},{"ty":"tr","p":{"a":0,"k":[0,0],"ix":2},"a":{"a":0,"k":[0,0],"ix":1},"s":{"a":0,"k":[100,100],"ix":3},"r":{"a":0,"k":0,"ix":6},"o":{"a":0,"k":100,"ix":7},"sk":{"a":0,"k":0,"ix":4},"sa":{"a":0,"k":0,"ix":5},"nm":"Transform"}],"nm":"Group 11","np":2,"cix":2,"bm":0,"ix":1,"mn":"ADBE Vector Group","hd":false},{"ty":"rd","nm":"Round Corners 1","r":{"a":0,"k":5,"ix":1},"ix":2,"mn":"ADBE Vector Filter - RC","hd":false}],"ip":0,"op":193,"st":0,"bm":0},{"ddd":0,"ind":12,"ty":4,"nm":"Group 15","parent":5,"sr":1,"ks":{"o":{"a":0,"k":100,"ix":11},"r":{"a":0,"k":0,"ix":10,"x":"var $bm_rt;\n$bm_rt = $bm_mul(value, -1);"},"p":{"s":true,"x":{"a":0,"k":50,"ix":3},"y":{"a":0,"k":419.25,"ix":4}},"a":{"a":0,"k":[-170.667,89.599,0],"ix":1},"s":{"a":0,"k":[100,100,100],"ix":6}},"ao":0,"ef":[{"ty":5,"nm":"4-Color Gradient","np":16,"mn":"ADBE 4ColorGradient","ix":1,"en":1,"ef":[{"ty":6,"nm":"Positions & Colors","mn":"ADBE 4ColorGradient-0011","ix":1,"v":0},{"ty":3,"nm":"Point 1","mn":"ADBE 4ColorGradient-0001","ix":2,"v":{"a":0,"k":[241.1,327.5],"ix":2}},{"ty":2,"nm":"Color 1","mn":"ADBE 4ColorGradient-0002","ix":3,"v":{"a":0,"k":[0.980377197266,0.784301757813,0.235290527344,1],"ix":3}},{"ty":3,"nm":"Point 2","mn":"ADBE 4ColorGradient-0003","ix":4,"v":{"a":0,"k":[275.2,330.3],"ix":4}},{"ty":2,"nm":"Color 2","mn":"ADBE 4ColorGradient-0004","ix":5,"v":{"a":0,"k":[0.896087646484,0.617645263672,0.145111083984,1],"ix":5}},{"ty":3,"nm":"Point 3","mn":"ADBE 4ColorGradient-0005","ix":6,"v":{"a":0,"k":[309.9,331.6],"ix":6}},{"ty":2,"nm":"Color 3","mn":"ADBE 4ColorGradient-0006","ix":7,"v":{"a":0,"k":[0.998046875,0.841186523438,0.281372070313,1],"ix":7}},{"ty":3,"nm":"Point 4","mn":"ADBE 4ColorGradient-0007","ix":8,"v":{"a":0,"k":[350.6,331.6],"ix":8}},{"ty":2,"nm":"Color 4","mn":"ADBE 4ColorGradient-0008","ix":9,"v":{"a":0,"k":[0.934326171875,0.674499511719,0.154907226563,1],"ix":9}},{"ty":6,"nm":"Color 4","mn":"ADBE 4ColorGradient-0012","ix":10,"v":0},{"ty":0,"nm":"Blend","mn":"ADBE 4ColorGradient-0009","ix":11,"v":{"a":0,"k":5,"ix":11}},{"ty":0,"nm":"Jitter","mn":"ADBE 4ColorGradient-0010","ix":12,"v":{"a":0,"k":0,"ix":12}},{"ty":0,"nm":"Opacity","mn":"ADBE 4ColorGradient-0013","ix":13,"v":{"a":0,"k":100,"ix":13}},{"ty":7,"nm":"Blending Mode","mn":"ADBE 4ColorGradient-0014","ix":14,"v":{"a":0,"k":7,"ix":14}}]}],"shapes":[{"ty":"gr","it":[{"ind":0,"ty":"sh","ix":1,"ks":{"a":0,"k":{"i":[[0,0],[0,0],[0,0],[0,0]],"o":[[0,0],[0,0],[0,0],[0,0]],"v":[[-230.4,72.533],[-110.933,72.533],[-110.933,106.666],[-230.4,106.666]],"c":true},"ix":2},"nm":"Path 1","mn":"ADBE Vector Shape - Group","hd":false},{"ty":"fl","c":{"a":0,"k":[0.992126464844,0.713714599609,0.184295654297,1],"ix":4},"o":{"a":0,"k":100,"ix":5},"r":1,"bm":0,"nm":"Fill 1","mn":"ADBE Vector Graphic - Fill","hd":false},{"ty":"tr","p":{"a":0,"k":[0,0],"ix":2},"a":{"a":0,"k":[0,0],"ix":1},"s":{"a":0,"k":[100,100],"ix":3},"r":{"a":0,"k":0,"ix":6},"o":{"a":0,"k":100,"ix":7},"sk":{"a":0,"k":0,"ix":4},"sa":{"a":0,"k":0,"ix":5},"nm":"Transform"}],"nm":"Group 11","np":2,"cix":2,"bm":0,"ix":1,"mn":"ADBE Vector Group","hd":false},{"ty":"rd","nm":"Round Corners 1","r":{"a":0,"k":5,"ix":1},"ix":2,"mn":"ADBE Vector Filter - RC","hd":false}],"ip":0,"op":205,"st":0,"bm":0},{"ddd":0,"ind":13,"ty":4,"nm":"Group 12","parent":5,"sr":1,"ks":{"o":{"a":0,"k":100,"ix":11},"r":{"a":0,"k":0,"ix":10},"p":{"s":true,"x":{"a":0,"k":80,"ix":3},"y":{"a":0,"k":453.25,"ix":4}},"a":{"a":0,"k":[-170.667,89.599,0],"ix":1},"s":{"a":0,"k":[100,100,100],"ix":6}},"ao":0,"ef":[{"ty":5,"nm":"4-Color Gradient","np":16,"mn":"ADBE 4ColorGradient","ix":1,"en":1,"ef":[{"ty":6,"nm":"Positions & Colors","mn":"ADBE 4ColorGradient-0011","ix":1,"v":0},{"ty":3,"nm":"Point 1","mn":"ADBE 4ColorGradient-0001","ix":2,"v":{"a":0,"k":[258.8,358.3],"ix":2}},{"ty":2,"nm":"Color 1","mn":"ADBE 4ColorGradient-0002","ix":3,"v":{"a":0,"k":[0.980377197266,0.784301757813,0.235290527344,1],"ix":3}},{"ty":3,"nm":"Point 2","mn":"ADBE 4ColorGradient-0003","ix":4,"v":{"a":0,"k":[296.4,360.8],"ix":4}},{"ty":2,"nm":"Color 2","mn":"ADBE 4ColorGradient-0004","ix":5,"v":{"a":0,"k":[0.896087646484,0.617645263672,0.145111083984,1],"ix":5}},{"ty":3,"nm":"Point 3","mn":"ADBE 4ColorGradient-0005","ix":6,"v":{"a":0,"k":[342,362],"ix":6}},{"ty":2,"nm":"Color 3","mn":"ADBE 4ColorGradient-0006","ix":7,"v":{"a":0,"k":[0.998046875,0.841186523438,0.281372070313,1],"ix":7}},{"ty":3,"nm":"Point 4","mn":"ADBE 4ColorGradient-0007","ix":8,"v":{"a":0,"k":[374.5,357.3],"ix":8}},{"ty":2,"nm":"Color 4","mn":"ADBE 4ColorGradient-0008","ix":9,"v":{"a":0,"k":[0.934326171875,0.674499511719,0.154907226563,1],"ix":9}},{"ty":6,"nm":"Color 4","mn":"ADBE 4ColorGradient-0012","ix":10,"v":0},{"ty":0,"nm":"Blend","mn":"ADBE 4ColorGradient-0009","ix":11,"v":{"a":0,"k":5,"ix":11}},{"ty":0,"nm":"Jitter","mn":"ADBE 4ColorGradient-0010","ix":12,"v":{"a":0,"k":0,"ix":12}},{"ty":0,"nm":"Opacity","mn":"ADBE 4ColorGradient-0013","ix":13,"v":{"a":0,"k":100,"ix":13}},{"ty":7,"nm":"Blending Mode","mn":"ADBE 4ColorGradient-0014","ix":14,"v":{"a":0,"k":7,"ix":14}}]}],"shapes":[{"ty":"gr","it":[{"ind":0,"ty":"sh","ix":1,"ks":{"a":0,"k":{"i":[[0,0],[0,0],[0,0],[0,0]],"o":[[0,0],[0,0],[0,0],[0,0]],"v":[[-230.4,72.533],[-110.933,72.533],[-110.933,106.666],[-230.4,106.666]],"c":true},"ix":2},"nm":"Path 1","mn":"ADBE Vector Shape - Group","hd":false},{"ty":"fl","c":{"a":0,"k":[1,0.658782958984,0.239196777344,1],"ix":4},"o":{"a":0,"k":100,"ix":5},"r":1,"bm":0,"nm":"Fill 1","mn":"ADBE Vector Graphic - Fill","hd":false},{"ty":"tr","p":{"a":0,"k":[0,0],"ix":2},"a":{"a":0,"k":[0,0],"ix":1},"s":{"a":0,"k":[100,100],"ix":3},"r":{"a":0,"k":0,"ix":6},"o":{"a":0,"k":100,"ix":7},"sk":{"a":0,"k":0,"ix":4},"sa":{"a":0,"k":0,"ix":5},"nm":"Transform"}],"nm":"Group 11","np":2,"cix":2,"bm":0,"ix":1,"mn":"ADBE Vector Group","hd":false},{"ty":"rd","nm":"Round Corners 1","r":{"a":0,"k":5,"ix":1},"ix":2,"mn":"ADBE Vector Filter - RC","hd":false}],"ip":0,"op":217,"st":0,"bm":0},{"ddd":0,"ind":14,"ty":4,"nm":"stars 3","sr":1,"ks":{"o":{"a":0,"k":100,"ix":11},"r":{"a":0,"k":-90,"ix":10},"p":{"a":0,"k":[52.333,47.2,0],"ix":2},"a":{"a":0,"k":[-170.667,-12.8,0],"ix":1},"s":{"a":1,"k":[{"i":{"x":[0.25,0.25,0.25],"y":[1,1,1]},"o":{"x":[0.5,0.5,0.5],"y":[0,0,0]},"t":-59,"s":[0,0,100]},{"i":{"x":[0.25,0.25,0.25],"y":[1,1,1]},"o":{"x":[0.5,0.5,0.5],"y":[0,0,0]},"t":-49,"s":[0,0,100]},{"i":{"x":[0.25,0.25,0.25],"y":[1,1,1]},"o":{"x":[0.167,0.167,0.167],"y":[0,0,0]},"t":-35,"s":[100,100,100]},{"i":{"x":[0.5,0.5,0.5],"y":[1,1,1]},"o":{"x":[0.8,0.8,0.8],"y":[0,0,0]},"t":-11,"s":[100,100,100]},{"i":{"x":[0.5,0.5,0.5],"y":[1,1,1]},"o":{"x":[0.75,0.75,0.75],"y":[0,0,0]},"t":1,"s":[0,0,100]},{"t":13,"s":[0,0,100]}],"ix":6,"x":"var $bm_rt;\n$bm_rt = loopOut();"}},"ao":0,"shapes":[{"ty":"gr","it":[{"ty":"gr","it":[{"ind":0,"ty":"sh","ix":1,"ks":{"a":0,"k":{"i":[[2.902,-17.51],[0,0],[17.51,2.901],[0,0],[-2.901,17.51],[0,0],[-17.51,-2.901],[0,0]],"o":[[0,0],[-2.901,-17.51],[0,0],[17.51,-2.901],[0,0],[2.901,17.51],[0,0],[-17.51,2.901]],"v":[[-170.667,21.333],[-170.667,21.333],[-204.8,-12.8],[-204.8,-12.8],[-170.667,-46.933],[-170.667,-46.933],[-136.534,-12.8],[-136.534,-12.8]],"c":true},"ix":2},"nm":"Path 1","mn":"ADBE Vector Shape - Group","hd":false},{"ty":"fl","c":{"a":0,"k":[0.992156863213,0.713725507259,0.184313729405,1],"ix":4},"o":{"a":0,"k":100,"ix":5},"r":1,"bm":0,"nm":"Fill 1","mn":"ADBE Vector Graphic - Fill","hd":false},{"ty":"tr","p":{"a":0,"k":[0,0],"ix":2},"a":{"a":0,"k":[0,0],"ix":1},"s":{"a":0,"k":[100,100],"ix":3},"r":{"a":0,"k":0,"ix":6},"o":{"a":0,"k":100,"ix":7},"sk":{"a":0,"k":0,"ix":4},"sa":{"a":0,"k":0,"ix":5},"nm":"Transform"}],"nm":"Group 3","np":2,"cix":2,"bm":0,"ix":1,"mn":"ADBE Vector Group","hd":false},{"ty":"tr","p":{"a":0,"k":[0,0],"ix":2},"a":{"a":0,"k":[0,0],"ix":1},"s":{"a":0,"k":[100,100],"ix":3},"r":{"a":0,"k":0,"ix":6},"o":{"a":0,"k":100,"ix":7},"sk":{"a":0,"k":0,"ix":4},"sa":{"a":0,"k":0,"ix":5},"nm":"Transform"}],"nm":"Group 2","np":1,"cix":2,"bm":0,"ix":1,"mn":"ADBE Vector Group","hd":false}],"ip":-59,"op":446,"st":-59,"bm":0},{"ddd":0,"ind":15,"ty":4,"nm":"stars","sr":1,"ks":{"o":{"a":0,"k":100,"ix":11},"r":{"a":0,"k":-90,"ix":10},"p":{"a":0,"k":[346.333,85.2,0],"ix":2},"a":{"a":0,"k":[-170.667,-12.8,0],"ix":1},"s":{"a":1,"k":[{"i":{"x":[0.25,0.25,0.25],"y":[1,1,1]},"o":{"x":[0.5,0.5,0.5],"y":[0,0,0]},"t":0,"s":[0,0,100]},{"i":{"x":[0.25,0.25,0.25],"y":[1,1,1]},"o":{"x":[0.5,0.5,0.5],"y":[0,0,0]},"t":10,"s":[0,0,100]},{"i":{"x":[0.25,0.25,0.25],"y":[1,1,1]},"o":{"x":[0.167,0.167,0.167],"y":[0,0,0]},"t":24,"s":[100,100,100]},{"i":{"x":[0.5,0.5,0.5],"y":[1,1,1]},"o":{"x":[0.8,0.8,0.8],"y":[0,0,0]},"t":48,"s":[100,100,100]},{"i":{"x":[0.5,0.5,0.5],"y":[1,1,1]},"o":{"x":[0.75,0.75,0.75],"y":[0,0,0]},"t":60,"s":[0,0,100]},{"t":72,"s":[0,0,100]}],"ix":6,"x":"var $bm_rt;\n$bm_rt = loopOut();"}},"ao":0,"shapes":[{"ty":"gr","it":[{"ty":"gr","it":[{"ind":0,"ty":"sh","ix":1,"ks":{"a":0,"k":{"i":[[2.902,-17.51],[0,0],[17.51,2.901],[0,0],[-2.901,17.51],[0,0],[-17.51,-2.901],[0,0]],"o":[[0,0],[-2.901,-17.51],[0,0],[17.51,-2.901],[0,0],[2.901,17.51],[0,0],[-17.51,2.901]],"v":[[-170.667,21.333],[-170.667,21.333],[-204.8,-12.8],[-204.8,-12.8],[-170.667,-46.933],[-170.667,-46.933],[-136.534,-12.8],[-136.534,-12.8]],"c":true},"ix":2},"nm":"Path 1","mn":"ADBE Vector Shape - Group","hd":false},{"ty":"fl","c":{"a":0,"k":[0.992156863213,0.713725507259,0.184313729405,1],"ix":4},"o":{"a":0,"k":100,"ix":5},"r":1,"bm":0,"nm":"Fill 1","mn":"ADBE Vector Graphic - Fill","hd":false},{"ty":"tr","p":{"a":0,"k":[0,0],"ix":2},"a":{"a":0,"k":[0,0],"ix":1},"s":{"a":0,"k":[100,100],"ix":3},"r":{"a":0,"k":0,"ix":6},"o":{"a":0,"k":100,"ix":7},"sk":{"a":0,"k":0,"ix":4},"sa":{"a":0,"k":0,"ix":5},"nm":"Transform"}],"nm":"Group 3","np":2,"cix":2,"bm":0,"ix":1,"mn":"ADBE Vector Group","hd":false},{"ty":"tr","p":{"a":0,"k":[0,0],"ix":2},"a":{"a":0,"k":[0,0],"ix":1},"s":{"a":0,"k":[100,100],"ix":3},"r":{"a":0,"k":0,"ix":6},"o":{"a":0,"k":100,"ix":7},"sk":{"a":0,"k":0,"ix":4},"sa":{"a":0,"k":0,"ix":5},"nm":"Transform"}],"nm":"Group 2","np":1,"cix":2,"bm":0,"ix":1,"mn":"ADBE Vector Group","hd":false}],"ip":0,"op":445,"st":0,"bm":0},{"ddd":0,"ind":16,"ty":4,"nm":"Layer 1","sr":1,"ks":{"o":{"a":0,"k":100,"ix":11},"r":{"a":0,"k":0,"ix":10},"p":{"a":0,"k":[186.082,374,0],"ix":2},"a":{"a":0,"k":[-89.95,91.8,0],"ix":1},"s":{"a":1,"k":[{"i":{"x":[0.833,0.833,0.833],"y":[0.833,0.833,0.833]},"o":{"x":[0.167,0.167,0.167],"y":[0.167,0.167,0.167]},"t":0,"s":[100,100,100]},{"i":{"x":[0.833,0.833,0.833],"y":[0.833,0.833,0.833]},"o":{"x":[0.167,0.167,0.167],"y":[0.167,0.167,0.167]},"t":4,"s":[100,100,100]},{"i":{"x":[0.833,0.833,0.833],"y":[0.833,0.833,0.833]},"o":{"x":[0.167,0.167,0.167],"y":[0.167,0.167,0.167]},"t":9,"s":[82,113,100]},{"i":{"x":[0.833,0.833,0.833],"y":[0.833,0.833,0.833]},"o":{"x":[0.167,0.167,0.167],"y":[0.167,0.167,0.167]},"t":13,"s":[100,100,100]},{"i":{"x":[0.833,0.833,0.833],"y":[0.833,0.833,0.833]},"o":{"x":[0.167,0.167,0.167],"y":[0.167,0.167,0.167]},"t":72,"s":[100,100,100]},{"i":{"x":[0.833,0.833,0.833],"y":[0.833,0.833,0.833]},"o":{"x":[0.167,0.167,0.167],"y":[0.167,0.167,0.167]},"t":76,"s":[100,100,100]},{"i":{"x":[0.833,0.833,0.833],"y":[0.833,0.833,0.833]},"o":{"x":[0.167,0.167,0.167],"y":[0.167,0.167,0.167]},"t":81,"s":[82,113,100]},{"i":{"x":[0.833,0.833,0.833],"y":[0.833,0.833,0.833]},"o":{"x":[0.167,0.167,0.167],"y":[0.167,0.167,0.167]},"t":85,"s":[100,100,100]},{"t":144,"s":[100,100,100]}],"ix":6,"x":"var $bm_rt;\nvar amp, freq, decay, n, n, t, t, v;\ntry {\n    amp = $bm_div(effect('Elastic Controller Scale')(1), 200);\n    freq = $bm_div(effect('Elastic Controller Scale')(2), 30);\n    decay = $bm_div(effect('Elastic Controller Scale')(3), 10);\n    $bm_rt = n = 0;\n    if (numKeys > 0) {\n        $bm_rt = n = nearestKey(time).index;\n        if (key(n).time > time) {\n            n--;\n        }\n    }\n    if (n == 0) {\n        $bm_rt = t = 0;\n    } else {\n        $bm_rt = t = $bm_sub(time, key(n).time);\n    }\n    if (n > 0) {\n        v = velocityAtTime($bm_sub(key(n).time, $bm_div(thisComp.frameDuration, 10)));\n        $bm_rt = $bm_sum(value, $bm_div($bm_mul($bm_mul(v, amp), Math.sin($bm_mul($bm_mul($bm_mul(freq, t), 2), Math.PI))), Math.exp($bm_mul(decay, t))));\n    } else {\n        $bm_rt = value;\n    }\n} catch (e$$4) {\n    $bm_rt = value = value;\n}"}},"ao":0,"ef":[{"ty":5,"nm":"Elastic Controller Scale","np":5,"mn":"Pseudo/MDS Elastic Controller","ix":2,"en":1,"ef":[{"ty":0,"nm":"Amplitude","mn":"Pseudo/MDS Elastic Controller-0001","ix":1,"v":{"a":0,"k":20,"ix":1}},{"ty":0,"nm":"Frequency","mn":"Pseudo/MDS Elastic Controller-0002","ix":2,"v":{"a":0,"k":60,"ix":2}},{"ty":0,"nm":"Decay","mn":"Pseudo/MDS Elastic Controller-0003","ix":3,"v":{"a":0,"k":40,"ix":3}}]},{"ty":5,"nm":"Elastic Controller Rotation - Transform","np":5,"mn":"Pseudo/MDS Elastic Controller","ix":3,"en":1,"ef":[{"ty":0,"nm":"Amplitude","mn":"Pseudo/MDS Elastic Controller-0001","ix":1,"v":{"a":0,"k":20,"ix":1}},{"ty":0,"nm":"Frequency","mn":"Pseudo/MDS Elastic Controller-0002","ix":2,"v":{"a":0,"k":60,"ix":2}},{"ty":0,"nm":"Decay","mn":"Pseudo/MDS Elastic Controller-0003","ix":3,"v":{"a":0,"k":40,"ix":3}}]},{"ty":5,"nm":"Elastic Controller Rotation - Transform","np":5,"mn":"Pseudo/MDS Elastic Controller","ix":4,"en":1,"ef":[{"ty":0,"nm":"Amplitude","mn":"Pseudo/MDS Elastic Controller-0001","ix":1,"v":{"a":0,"k":20,"ix":1}},{"ty":0,"nm":"Frequency","mn":"Pseudo/MDS Elastic Controller-0002","ix":2,"v":{"a":0,"k":60,"ix":2}},{"ty":0,"nm":"Decay","mn":"Pseudo/MDS Elastic Controller-0003","ix":3,"v":{"a":0,"k":40,"ix":3}}]}],"shapes":[{"ty":"gr","it":[{"ty":"gr","it":[{"ty":"gr","it":[{"ind":0,"ty":"sh","ix":1,"ks":{"a":0,"k":{"i":[[0,0],[18.205,-0.008],[0,0]],"o":[[0,0],[-19.09,0.009],[0,0]],"v":[[-53.603,-110.876],[-89.95,-109.557],[-126.297,-110.876]],"c":true},"ix":2},"nm":"Path 1","mn":"ADBE Vector Shape - Group","hd":false},{"ty":"fl","c":{"a":0,"k":[0.20000000298,0.20000000298,0.20000000298,1],"ix":4},"o":{"a":0,"k":100,"ix":5},"r":1,"bm":0,"nm":"Fill 1","mn":"ADBE Vector Graphic - Fill","hd":false},{"ty":"tr","p":{"a":0,"k":[0,0],"ix":2},"a":{"a":0,"k":[0,0],"ix":1},"s":{"a":0,"k":[100,100],"ix":3},"r":{"a":0,"k":0,"ix":6},"o":{"a":0,"k":100,"ix":7},"sk":{"a":0,"k":0,"ix":4},"sa":{"a":0,"k":0,"ix":5},"nm":"Transform"}],"nm":"Group 1","np":2,"cix":2,"bm":0,"ix":1,"mn":"ADBE Vector Group","hd":false},{"ty":"gr","it":[{"ind":0,"ty":"sh","ix":1,"ks":{"a":0,"k":{"i":[[2.935,0],[0,0],[-1.911,2.217],[0,0],[-1.003,0],[0,0],[-0.644,-0.76],[0,0]],"o":[[0,0],[-2.935,0],[0,0],[0.644,-0.76],[0,0],[1.003,0],[0,0],[1.911,2.217]],"v":[[-50.056,-104.004],[-129.844,-104.004],[-132.441,-109.673],[-132.43,-109.683],[-129.833,-110.876],[-50.067,-110.876],[-47.47,-109.683],[-47.459,-109.673]],"c":true},"ix":2},"nm":"Path 1","mn":"ADBE Vector Shape - Group","hd":false},{"ty":"fl","c":{"a":0,"k":[0.20000000298,0.20000000298,0.20000000298,1],"ix":4},"o":{"a":0,"k":100,"ix":5},"r":1,"bm":0,"nm":"Fill 1","mn":"ADBE Vector Graphic - Fill","hd":false},{"ty":"tr","p":{"a":0,"k":[0,0],"ix":2},"a":{"a":0,"k":[0,0],"ix":1},"s":{"a":0,"k":[100,100],"ix":3},"r":{"a":0,"k":0,"ix":6},"o":{"a":0,"k":100,"ix":7},"sk":{"a":0,"k":0,"ix":4},"sa":{"a":0,"k":0,"ix":5},"nm":"Transform"}],"nm":"Group 2","np":2,"cix":2,"bm":0,"ix":2,"mn":"ADBE Vector Group","hd":false},{"ty":"gr","it":[{"ind":0,"ty":"sh","ix":1,"ks":{"a":0,"k":{"i":[[1.879,2.238],[1.014,0],[0,0],[0,0],[0.654,-0.781],[-2.914,0],[0,0],[0,0]],"o":[[-0.655,-0.781],[0,0],[0,0],[-1.014,0],[-1.879,2.238],[0,0],[0,0],[2.914,0]],"v":[[-50.975,-116.524],[-53.603,-117.749],[-89.95,-117.749],[-126.297,-117.749],[-128.925,-116.524],[-126.297,-110.876],[-89.95,-110.876],[-53.603,-110.876]],"c":true},"ix":2},"nm":"Path 1","mn":"ADBE Vector Shape - Group","hd":false},{"ty":"fl","c":{"a":0,"k":[0.20000000298,0.20000000298,0.20000000298,1],"ix":4},"o":{"a":0,"k":100,"ix":5},"r":1,"bm":0,"nm":"Fill 1","mn":"ADBE Vector Graphic - Fill","hd":false},{"ty":"tr","p":{"a":0,"k":[0,0],"ix":2},"a":{"a":0,"k":[0,0],"ix":1},"s":{"a":0,"k":[100,100],"ix":3},"r":{"a":0,"k":0,"ix":6},"o":{"a":0,"k":100,"ix":7},"sk":{"a":0,"k":0,"ix":4},"sa":{"a":0,"k":0,"ix":5},"nm":"Transform"}],"nm":"Group 3","np":2,"cix":2,"bm":0,"ix":3,"mn":"ADBE Vector Group","hd":false},{"ty":"tr","p":{"a":0,"k":[0,0],"ix":2},"a":{"a":0,"k":[0,0],"ix":1},"s":{"a":0,"k":[100,100],"ix":3},"r":{"a":0,"k":0,"ix":6},"o":{"a":0,"k":100,"ix":7},"sk":{"a":0,"k":0,"ix":4},"sa":{"a":0,"k":0,"ix":5},"nm":"Transform"}],"nm":"Group 1","np":3,"cix":2,"bm":0,"ix":1,"mn":"ADBE Vector Group","hd":false},{"ty":"gr","it":[{"ty":"gr","it":[{"ind":0,"ty":"sh","ix":1,"ks":{"a":0,"k":{"i":[[0,0],[0,0],[0,0],[0,0]],"o":[[0,0],[0,0],[0,0],[0,0]],"v":[[-71.306,-104.004],[-60.486,-104.004],[-59.779,-103.388],[-70.988,-103.388]],"c":true},"ix":2},"nm":"Path 1","mn":"ADBE Vector Shape - Group","hd":false},{"ty":"fl","c":{"a":0,"k":[0.898039221764,0.639215707779,0.1254902035,1],"ix":4},"o":{"a":0,"k":100,"ix":5},"r":1,"bm":0,"nm":"Fill 1","mn":"ADBE Vector Graphic - Fill","hd":false},{"ty":"tr","p":{"a":0,"k":[0,0],"ix":2},"a":{"a":0,"k":[0,0],"ix":1},"s":{"a":0,"k":[100,100],"ix":3},"r":{"a":0,"k":0,"ix":6},"o":{"a":0,"k":100,"ix":7},"sk":{"a":0,"k":0,"ix":4},"sa":{"a":0,"k":0,"ix":5},"nm":"Transform"}],"nm":"Group 1","np":2,"cix":2,"bm":0,"ix":1,"mn":"ADBE Vector Group","hd":false},{"ty":"gr","it":[{"ty":"gr","it":[{"ind":0,"ty":"sh","ix":1,"ks":{"a":0,"k":{"i":[[-1.433,-1.26],[-9.198,-35.569],[-2.331,2.049],[0,0],[0.9,2.065],[11.808,9.136],[1.166,-1.511],[0,0]],"o":[[12.378,7.534],[0.56,2.164],[0,0],[2.331,-2.046],[-14.519,-33.294],[-1.521,-1.177],[0,0],[-1.166,1.515]],"v":[[-76.777,-107.666],[-41.822,-56.794],[-36.515,-56.494],[-36.515,-56.494],[-33.631,-64.167],[-72.418,-113.271],[-77.247,-112.588],[-77.247,-112.588]],"c":true},"ix":2},"nm":"Path 1","mn":"ADBE Vector Shape - Group","hd":false},{"ty":"fl","c":{"a":0,"k":[0.20000000298,0.20000000298,0.20000000298,1],"ix":4},"o":{"a":0,"k":100,"ix":5},"r":1,"bm":0,"nm":"Fill 1","mn":"ADBE Vector Graphic - Fill","hd":false},{"ty":"tr","p":{"a":0,"k":[-75.274,-111.224],"ix":2},"a":{"a":0,"k":[-75.274,-111.224],"ix":1},"s":{"a":0,"k":[100,100],"ix":3},"r":{"a":1,"k":[{"i":{"x":[0.833],"y":[0.833]},"o":{"x":[0.167],"y":[0.167]},"t":0,"s":[0]},{"i":{"x":[0.667],"y":[1]},"o":{"x":[0.167],"y":[0.167]},"t":5,"s":[0]},{"i":{"x":[0.833],"y":[0.833]},"o":{"x":[0.333],"y":[0]},"t":12,"s":[15]},{"i":{"x":[0.833],"y":[0.833]},"o":{"x":[0.167],"y":[0.167]},"t":17,"s":[0]},{"i":{"x":[0.833],"y":[0.833]},"o":{"x":[0.167],"y":[0.167]},"t":72,"s":[0]},{"i":{"x":[0.667],"y":[1]},"o":{"x":[0.167],"y":[0.167]},"t":77,"s":[0]},{"i":{"x":[0.833],"y":[0.833]},"o":{"x":[0.333],"y":[0]},"t":84,"s":[15]},{"i":{"x":[0.833],"y":[0.833]},"o":{"x":[0.167],"y":[0.167]},"t":89,"s":[0]},{"t":144,"s":[0]}],"ix":6,"x":"var $bm_rt;\nvar amp, freq, decay, n, n, t, t, v;\ntry {\n    amp = $bm_div(effect('Elastic Controller Rotation - Transform')(1), 200);\n    freq = $bm_div(effect('Elastic Controller Rotation - Transform')(2), 30);\n    decay = $bm_div(effect('Elastic Controller Rotation - Transform')(3), 10);\n    $bm_rt = n = 0;\n    if (numKeys > 0) {\n        $bm_rt = n = nearestKey(time).index;\n        if (key(n).time > time) {\n            n--;\n        }\n    }\n    if (n == 0) {\n        $bm_rt = t = 0;\n    } else {\n        $bm_rt = t = $bm_sub(time, key(n).time);\n    }\n    if (n > 0) {\n        v = velocityAtTime($bm_sub(key(n).time, $bm_div(thisComp.frameDuration, 10)));\n        $bm_rt = $bm_sum(value, $bm_div($bm_mul($bm_mul(v, amp), Math.sin($bm_mul($bm_mul($bm_mul(freq, t), 2), Math.PI))), Math.exp($bm_mul(decay, t))));\n    } else {\n        $bm_rt = value;\n    }\n} catch (e$$4) {\n    $bm_rt = value = value;\n}"},"o":{"a":0,"k":100,"ix":7},"sk":{"a":0,"k":0,"ix":4},"sa":{"a":0,"k":0,"ix":5},"nm":"Transform"}],"nm":"Group 1","np":2,"cix":2,"bm":0,"ix":1,"mn":"ADBE Vector Group","hd":false},{"ty":"gr","it":[{"ind":0,"ty":"sh","ix":1,"ks":{"a":0,"k":{"i":[[-0.927,-1.668],[2.109,-31.627],[-2.883,1.148],[0,0],[-0.023,2.253],[14.394,23.044],[1.606,-1.032],[0,0]],"o":[[13.24,23.518],[-0.158,2.23],[0,0],[2.882,-1.145],[0.498,-31.891],[-1.023,-1.629],[0,0],[-1.607,1.035]],"v":[[-73.005,-107.119],[-54.998,-22.693],[-50.1,-20.628],[-50.1,-20.628],[-44.807,-26.888],[-67.017,-110.936],[-71.795,-111.914],[-71.795,-111.914]],"c":true},"ix":2},"nm":"Path 1","mn":"ADBE Vector Shape - Group","hd":false},{"ty":"fl","c":{"a":0,"k":[0.20000000298,0.20000000298,0.20000000298,1],"ix":4},"o":{"a":0,"k":100,"ix":5},"r":1,"bm":0,"nm":"Fill 1","mn":"ADBE Vector Graphic - Fill","hd":false},{"ty":"tr","p":{"a":0,"k":[-71.023,-110.974],"ix":2},"a":{"a":0,"k":[-71.023,-110.974],"ix":1},"s":{"a":0,"k":[100,100],"ix":3},"r":{"a":1,"k":[{"i":{"x":[0.833],"y":[0.833]},"o":{"x":[0.167],"y":[0.167]},"t":0,"s":[0]},{"i":{"x":[0.667],"y":[1]},"o":{"x":[0.167],"y":[0.167]},"t":5,"s":[0]},{"i":{"x":[0.833],"y":[0.833]},"o":{"x":[0.333],"y":[0]},"t":13,"s":[13]},{"i":{"x":[0.833],"y":[0.833]},"o":{"x":[0.167],"y":[0.167]},"t":18,"s":[0]},{"i":{"x":[0.833],"y":[0.833]},"o":{"x":[0.167],"y":[0.167]},"t":72,"s":[0]},{"i":{"x":[0.667],"y":[1]},"o":{"x":[0.167],"y":[0.167]},"t":77,"s":[0]},{"i":{"x":[0.833],"y":[0.833]},"o":{"x":[0.333],"y":[0]},"t":85,"s":[13]},{"i":{"x":[0.833],"y":[0.833]},"o":{"x":[0.167],"y":[0.167]},"t":90,"s":[0]},{"t":144,"s":[0]}],"ix":6,"x":"var $bm_rt;\nvar amp, freq, decay, n, n, t, t, v;\ntry {\n    amp = $bm_div(effect('Elastic Controller Rotation - Transform')(1), 200);\n    freq = $bm_div(effect('Elastic Controller Rotation - Transform')(2), 30);\n    decay = $bm_div(effect('Elastic Controller Rotation - Transform')(3), 10);\n    $bm_rt = n = 0;\n    if (numKeys > 0) {\n        $bm_rt = n = nearestKey(time).index;\n        if (key(n).time > time) {\n            n--;\n        }\n    }\n    if (n == 0) {\n        $bm_rt = t = 0;\n    } else {\n        $bm_rt = t = $bm_sub(time, key(n).time);\n    }\n    if (n > 0) {\n        v = velocityAtTime($bm_sub(key(n).time, $bm_div(thisComp.frameDuration, 10)));\n        $bm_rt = $bm_sum(value, $bm_div($bm_mul($bm_mul(v, amp), Math.sin($bm_mul($bm_mul($bm_mul(freq, t), 2), Math.PI))), Math.exp($bm_mul(decay, t))));\n    } else {\n        $bm_rt = value;\n    }\n} catch (e$$4) {\n    $bm_rt = value = value;\n}"},"o":{"a":0,"k":100,"ix":7},"sk":{"a":0,"k":0,"ix":4},"sa":{"a":0,"k":0,"ix":5},"nm":"Transform"}],"nm":"Group 3","np":2,"cix":2,"bm":0,"ix":3,"mn":"ADBE Vector Group","hd":false},{"ty":"tr","p":{"a":0,"k":[0,0],"ix":2},"a":{"a":0,"k":[0,0],"ix":1},"s":{"a":0,"k":[100,100],"ix":3},"r":{"a":0,"k":0,"ix":6},"o":{"a":0,"k":100,"ix":7},"sk":{"a":0,"k":0,"ix":4},"sa":{"a":0,"k":0,"ix":5},"nm":"Transform"}],"nm":"Group 2","np":3,"cix":2,"bm":0,"ix":2,"mn":"ADBE Vector Group","hd":false},{"ty":"tr","p":{"a":0,"k":[0,0],"ix":2},"a":{"a":0,"k":[0,0],"ix":1},"s":{"a":0,"k":[100,100],"ix":3},"r":{"a":0,"k":0,"ix":6},"o":{"a":0,"k":100,"ix":7},"sk":{"a":0,"k":0,"ix":4},"sa":{"a":0,"k":0,"ix":5},"nm":"Transform"}],"nm":"Group 2","np":2,"cix":2,"bm":0,"ix":2,"mn":"ADBE Vector Group","hd":false},{"ty":"tr","p":{"a":0,"k":[0,0],"ix":2},"a":{"a":0,"k":[0,0],"ix":1},"s":{"a":0,"k":[100,100],"ix":3},"r":{"a":0,"k":0,"ix":6},"o":{"a":0,"k":100,"ix":7},"sk":{"a":0,"k":0,"ix":4},"sa":{"a":0,"k":0,"ix":5},"nm":"Transform"}],"nm":"Group 2","np":2,"cix":2,"bm":0,"ix":1,"mn":"ADBE Vector Group","hd":false},{"ty":"gr","it":[{"ty":"gr","it":[{"ind":0,"ty":"sh","ix":1,"ks":{"a":0,"k":{"i":[[0,0],[0,0],[0,0],[0,0]],"o":[[0,0],[0,0],[0,0],[0,0]],"v":[[-134.041,-19.068],[-51.111,-19.068],[-51.111,-7.043],[-134.041,-7.043]],"c":true},"ix":2},"nm":"Path 1","mn":"ADBE Vector Shape - Group","hd":false},{"ty":"fl","c":{"a":0,"k":[1,1,1,1],"ix":4},"o":{"a":0,"k":100,"ix":5},"r":1,"bm":0,"nm":"Fill 1","mn":"ADBE Vector Graphic - Fill","hd":false},{"ty":"tr","p":{"a":0,"k":[0,0],"ix":2},"a":{"a":0,"k":[0,0],"ix":1},"s":{"a":0,"k":[100,100],"ix":3},"r":{"a":0,"k":0,"ix":6},"o":{"a":0,"k":100,"ix":7},"sk":{"a":0,"k":0,"ix":4},"sa":{"a":0,"k":0,"ix":5},"nm":"Transform"}],"nm":"Group 1","np":2,"cix":2,"bm":0,"ix":1,"mn":"ADBE Vector Group","hd":false},{"ty":"gr","it":[{"ind":0,"ty":"sh","ix":1,"ks":{"a":0,"k":{"i":[[0,0],[0,0],[0,0],[0,0]],"o":[[0,0],[0,0],[0,0],[0,0]],"v":[[-134.041,-42.703],[-51.111,-42.703],[-51.111,-30.678],[-134.041,-30.678]],"c":true},"ix":2},"nm":"Path 1","mn":"ADBE Vector Shape - Group","hd":false},{"ty":"fl","c":{"a":0,"k":[1,1,1,1],"ix":4},"o":{"a":0,"k":100,"ix":5},"r":1,"bm":0,"nm":"Fill 1","mn":"ADBE Vector Graphic - Fill","hd":false},{"ty":"tr","p":{"a":0,"k":[0,0],"ix":2},"a":{"a":0,"k":[0,0],"ix":1},"s":{"a":0,"k":[100,100],"ix":3},"r":{"a":0,"k":0,"ix":6},"o":{"a":0,"k":100,"ix":7},"sk":{"a":0,"k":0,"ix":4},"sa":{"a":0,"k":0,"ix":5},"nm":"Transform"}],"nm":"Group 2","np":2,"cix":2,"bm":0,"ix":2,"mn":"ADBE Vector Group","hd":false},{"ty":"gr","it":[{"ty":"gr","it":[{"ind":0,"ty":"sh","ix":1,"ks":{"a":0,"k":{"i":[[0,0],[0,0],[0,0],[0,0],[0,0],[0,0],[0,0],[0,0],[0,0],[0,0],[0,0]],"o":[[0,0],[0,0],[0,0],[0,0],[0,0],[0,0],[0,0],[0,0],[0,0],[0,0],[0,0]],"v":[[-120.358,-60.948],[-107.227,-60.948],[-77.925,-12.987],[-77.925,-60.948],[-64.656,-60.948],[-64.656,15.348],[-76.267,15.348],[-106.951,-34.41],[-106.951,15.348],[-120.22,15.348],[-120.22,-60.948]],"c":true},"ix":2},"nm":"Path 1","mn":"ADBE Vector Shape - Group","hd":false},{"ty":"fl","c":{"a":0,"k":[1,1,1,1],"ix":4},"o":{"a":0,"k":100,"ix":5},"r":1,"bm":0,"nm":"Fill 1","mn":"ADBE Vector Graphic - Fill","hd":false},{"ty":"tr","p":{"a":0,"k":[0,0],"ix":2},"a":{"a":0,"k":[0,0],"ix":1},"s":{"a":0,"k":[100,100],"ix":3},"r":{"a":0,"k":0,"ix":6},"o":{"a":0,"k":100,"ix":7},"sk":{"a":0,"k":0,"ix":4},"sa":{"a":0,"k":0,"ix":5},"nm":"Transform"}],"nm":"Group 1","np":2,"cix":2,"bm":0,"ix":1,"mn":"ADBE Vector Group","hd":false},{"ty":"tr","p":{"a":0,"k":[0,0],"ix":2},"a":{"a":0,"k":[0,0],"ix":1},"s":{"a":0,"k":[100,100],"ix":3},"r":{"a":0,"k":0,"ix":6},"o":{"a":0,"k":100,"ix":7},"sk":{"a":0,"k":0,"ix":4},"sa":{"a":0,"k":0,"ix":5},"nm":"Transform"}],"nm":"Group 3","np":1,"cix":2,"bm":0,"ix":3,"mn":"ADBE Vector Group","hd":false},{"ty":"tr","p":{"a":0,"k":[0,0],"ix":2},"a":{"a":0,"k":[0,0],"ix":1},"s":{"a":0,"k":[100,100],"ix":3},"r":{"a":0,"k":0,"ix":6},"o":{"a":0,"k":100,"ix":7},"sk":{"a":0,"k":0,"ix":4},"sa":{"a":0,"k":0,"ix":5},"nm":"Transform"}],"nm":"Group 1","np":3,"cix":2,"bm":0,"ix":2,"mn":"ADBE Vector Group","hd":false},{"ty":"gr","it":[{"ind":0,"ty":"sh","ix":1,"ks":{"a":0,"k":{"i":[[0,0],[0,0],[-9.684,0.704],[-6.584,1.683],[-10.379,2.359],[-22.076,-4.619],[0,0]],"o":[[0,0],[10.463,-3.827],[9.684,-0.704],[11.612,-2.969],[5.618,-1.277],[0,0],[0,0]],"v":[[-124.718,-117.75],[-139.051,-164.716],[-111.591,-154.423],[-97.669,-163.396],[-72.841,-153.681],[-40.849,-162.604],[-54.805,-117.75]],"c":true},"ix":2},"nm":"Path 1","mn":"ADBE Vector Shape - Group","hd":false},{"ty":"fl","c":{"a":0,"k":[0.980392156863,0.721568627451,0.098039215686,1],"ix":4},"o":{"a":0,"k":100,"ix":5},"r":1,"bm":0,"nm":"Fill 1","mn":"ADBE Vector Graphic - Fill","hd":false},{"ty":"tr","p":{"a":0,"k":[0,0],"ix":2},"a":{"a":0,"k":[0,0],"ix":1},"s":{"a":0,"k":[100,100],"ix":3},"r":{"a":0,"k":0,"ix":6},"o":{"a":0,"k":100,"ix":7},"sk":{"a":0,"k":0,"ix":4},"sa":{"a":0,"k":0,"ix":5},"nm":"Transform"}],"nm":"Group 3","np":2,"cix":2,"bm":0,"ix":3,"mn":"ADBE Vector Group","hd":false},{"ty":"gr","it":[{"ty":"gr","it":[{"ind":0,"ty":"sh","ix":1,"ks":{"a":0,"k":{"i":[[73.893,0],[19.501,26.883],[-23.475,0],[113.432,122.367],[0,0]],"o":[[-31.961,0],[19.774,14.677],[70.377,0],[0,0],[141.135,134.075]],"v":[[-89.95,91.796],[-177.719,50.792],[-108.66,73.086],[-60.254,-117.753],[-60.069,-117.753]],"c":true},"ix":2},"nm":"Path 1","mn":"ADBE Vector Shape - Group","hd":false},{"ty":"fl","c":{"a":0,"k":[0.980392156863,0.721568627451,0.098039215686,1],"ix":4},"o":{"a":0,"k":100,"ix":5},"r":1,"bm":0,"nm":"Fill 1","mn":"ADBE Vector Graphic - Fill","hd":false},{"ty":"tr","p":{"a":0,"k":[0,0],"ix":2},"a":{"a":0,"k":[0,0],"ix":1},"s":{"a":0,"k":[100,100],"ix":3},"r":{"a":0,"k":0,"ix":6},"o":{"a":0,"k":100,"ix":7},"sk":{"a":0,"k":0,"ix":4},"sa":{"a":0,"k":0,"ix":5},"nm":"Transform"}],"nm":"Group 1","np":2,"cix":2,"bm":0,"ix":1,"mn":"ADBE Vector Group","hd":false},{"ty":"gr","it":[{"ind":0,"ty":"sh","ix":1,"ks":{"a":0,"k":{"i":[[58.093,0],[8.066,1.689],[-55.105,52.341],[0,0]],"o":[[-7.851,0],[-1.963,-33.475],[0,0],[40.271,85.113]],"v":[[-167.729,14.017],[-191.751,11.478],[-119.831,-117.753],[-77.451,-117.753]],"c":true},"ix":2},"nm":"Path 1","mn":"ADBE Vector Shape - Group","hd":false},{"ty":"fl","c":{"a":0,"k":[0.980392156863,0.721568627451,0.098039215686,1],"ix":4},"o":{"a":0,"k":100,"ix":5},"r":1,"bm":0,"nm":"Fill 1","mn":"ADBE Vector Graphic - Fill","hd":false},{"ty":"tr","p":{"a":0,"k":[0,0],"ix":2},"a":{"a":0,"k":[0,0],"ix":1},"s":{"a":0,"k":[100,100],"ix":3},"r":{"a":0,"k":0,"ix":6},"o":{"a":0,"k":100,"ix":7},"sk":{"a":0,"k":0,"ix":4},"sa":{"a":0,"k":0,"ix":5},"nm":"Transform"}],"nm":"Group 2","np":2,"cix":2,"bm":0,"ix":2,"mn":"ADBE Vector Group","hd":false},{"ty":"gr","it":[{"ind":0,"ty":"sh","ix":1,"ks":{"a":0,"k":{"i":[[73.893,0],[3.076,52.273],[-55.105,52.341],[0,0]],"o":[[-45.046,0],[-1.963,-33.475],[0,0],[141.135,134.075]],"v":[[-89.95,91.796],[-191.751,11.478],[-119.831,-117.753],[-60.069,-117.753]],"c":true},"ix":2},"nm":"Path 1","mn":"ADBE Vector Shape - Group","hd":false},{"ty":"fl","c":{"a":0,"k":[0.980392156863,0.721568627451,0.098039215686,1],"ix":4},"o":{"a":0,"k":100,"ix":5},"r":1,"bm":0,"nm":"Fill 1","mn":"ADBE Vector Graphic - Fill","hd":false},{"ty":"tr","p":{"a":0,"k":[0,0],"ix":2},"a":{"a":0,"k":[0,0],"ix":1},"s":{"a":0,"k":[100,100],"ix":3},"r":{"a":0,"k":0,"ix":6},"o":{"a":0,"k":100,"ix":7},"sk":{"a":0,"k":0,"ix":4},"sa":{"a":0,"k":0,"ix":5},"nm":"Transform"}],"nm":"Group 3","np":2,"cix":2,"bm":0,"ix":3,"mn":"ADBE Vector Group","hd":false},{"ty":"tr","p":{"a":0,"k":[0,0],"ix":2},"a":{"a":0,"k":[0,0],"ix":1},"s":{"a":0,"k":[100,100],"ix":3},"r":{"a":0,"k":0,"ix":6},"o":{"a":0,"k":100,"ix":7},"sk":{"a":0,"k":0,"ix":4},"sa":{"a":0,"k":0,"ix":5},"nm":"Transform"}],"nm":"Group 4","np":3,"cix":2,"bm":0,"ix":4,"mn":"ADBE Vector Group","hd":false},{"ty":"gr","it":[{"ind":0,"ty":"sh","ix":1,"ks":{"a":0,"k":{"i":[[141.132,134.07],[0,0],[0,0],[-73.897,0]],"o":[[0,0],[0,0],[-141.132,134.07],[73.897,0]],"v":[[-60.064,-117.75],[-89.95,-117.75],[-119.836,-117.75],[-89.95,91.8]],"c":true},"ix":2},"nm":"Path 1","mn":"ADBE Vector Shape - Group","hd":false},{"ty":"fl","c":{"a":0,"k":[0.913725495338,0.886274516582,0.815686285496,1],"ix":4},"o":{"a":0,"k":100,"ix":5},"r":1,"bm":0,"nm":"Fill 1","mn":"ADBE Vector Graphic - Fill","hd":false},{"ty":"tr","p":{"a":0,"k":[0,0],"ix":2},"a":{"a":0,"k":[0,0],"ix":1},"s":{"a":0,"k":[100,100],"ix":3},"r":{"a":0,"k":0,"ix":6},"o":{"a":0,"k":100,"ix":7},"sk":{"a":0,"k":0,"ix":4},"sa":{"a":0,"k":0,"ix":5},"nm":"Transform"}],"nm":"Group 5","np":2,"cix":2,"bm":0,"ix":5,"mn":"ADBE Vector Group","hd":false}],"ip":0,"op":240,"st":0,"bm":0}],"markers":[{"tm":0,"cm":"4","dr":0}],"chars":[{"ch":"3","size":48,"style":"Regular","w":59,"data":{"shapes":[{"ty":"gr","it":[{"ind":0,"ty":"sh","ix":1,"ks":{"a":0,"k":{"i":[[0,0],[-8.057,0],[0,15.811],[6.848,2.316],[0,8.057],[14.099,0],[6.647,-1.611],[0,0],[-6.244,0],[0,-8.459],[11.581,0],[0,0],[0,0],[0,0],[0,-10.574],[8.862,0],[4.33,0.806]],"o":[[6.647,1.611],[13.696,0],[0,-8.157],[6.747,-3.122],[0,-14.804],[-8.057,0],[0,0],[4.23,-0.806],[8.359,0],[0,8.762],[0,0],[0,0],[0,0],[8.862,0],[0,8.359],[-6.143,0],[0,0]],"v":[[7.553,-1.208],[27.896,0.806],[52.67,-18.933],[41.29,-35.147],[52.57,-51.563],[27.997,-70.093],[8.459,-68.079],[9.265,-59.619],[26.889,-61.23],[41.895,-51.361],[26.285,-38.974],[15.509,-38.974],[15.509,-30.414],[26.285,-30.414],[41.995,-18.53],[26.788,-8.057],[8.359,-9.668]],"c":true},"ix":2},"nm":"3","mn":"ADBE Vector Shape - Group","hd":false}],"nm":"3","np":3,"cix":2,"bm":0,"ix":1,"mn":"ADBE Vector Group","hd":false}]},"fFamily":"Bruum FY"},{"ch":"0","size":48,"style":"Regular","w":59,"data":{"shapes":[{"ty":"gr","it":[{"ind":0,"ty":"sh","ix":1,"ks":{"a":0,"k":{"i":[[-20.645,0],[0,22.156],[20.847,0],[0,-21.954]],"o":[[20.847,0],[0,-22.156],[-20.847,0],[0,21.954]],"v":[[29.81,0.806],[54.684,-34.644],[29.81,-70.093],[4.733,-34.644]],"c":true},"ix":2},"nm":"0","mn":"ADBE Vector Shape - Group","hd":false},{"ind":1,"ty":"sh","ix":2,"ks":{"a":0,"k":{"i":[[12.589,0],[0,18.127],[-12.589,0],[0,-18.027]],"o":[[-12.589,0],[0,-18.127],[12.589,0],[0,18.027]],"v":[[29.81,-8.057],[15.308,-34.644],[29.81,-61.23],[44.11,-34.644]],"c":true},"ix":2},"nm":"0","mn":"ADBE Vector Shape - Group","hd":false}],"nm":"0","np":5,"cix":2,"bm":0,"ix":1,"mn":"ADBE Vector Group","hd":false}]},"fFamily":"Bruum FY"}]}